"","cue","coverage","H","unknown","N"
"1","a",36.9565217391304,2.31301371527505,2,48
"2","abajo",71.4285714285714,2.32172093921194,2,51
"3","abandonar",74.5098039215686,2.29958084166658,0,51
"4","abeja",64,2.3046377491424,0,50
"5","abierta",80.7692307692308,2.40624094255476,1,53
"6","abierto",85.4545454545455,1.94578636442085,1,56
"7","abogado",57.8947368421053,3.15298402069411,0,57
"8","abra",51.8518518518518,2.64124094886941,2,56
"9","abrazo",77.5510204081633,2.40067689799717,1,50
"10","abrigo",70.1754385964912,2.59724532071812,0,57
"11","abril",56.8627450980392,1.91923847629757,0,51
"12","abrir",37.2549019607843,2.16607730887619,0,51
"13","abuela",64.8148148148148,3.10465849179317,0,54
"14","abuelo",72.7272727272727,3.27129118380612,1,56
"15","aburrido",45.8333333333333,3.48484528510949,3,51
"16","acá",74,2.31235426248906,2,52
"17","acabado",71.6981132075472,2.15285581881095,1,54
"18","acabo",47.1698113207547,2.81257591533186,1,54
"19","acceso",66,2.77934797787599,1,51
"20","accidente",62.7450980392157,2.73527555515507,0,51
"21","acción",64.5833333333333,3.00071393017509,1,49
"22","acciones",37.2549019607843,3.54101447195093,0,51
"23","actitud",50,3.42581090933719,1,55
"24","actividad",68,3.00560721924834,0,50
"25","acto",70.1754385964912,2.97598637624639,0,57
"26","actor",79.2452830188679,2.91234198667743,3,56
"27","actriz",66,3.06903632309084,0,50
"28","acuerdo",65.4545454545455,3.05831426547006,0,55
"29","acusado",68.4210526315789,2.93024876716921,0,57
"30","adelante",67.9245283018868,3.02381410127642,0,53
"31","adentro",78.7234042553192,2.75676005070507,2,49
"32","adiós",25,1.51846704268006,0,48
"33","adulto",89.7959183673469,2.47751685929956,1,50
"34","advertencia",72.5490196078431,2.53760665827401,0,51
"35","aeropuerto",75.8620689655172,2.12134864870539,0,58
"36","afecto",88.4615384615385,1.98455009996748,0,52
"37","afuera",85.4545454545455,2.64563669725338,0,55
"38","agarrar",58,2.36550105567817,1,51
"39","agenda",38.7755102040816,3.59822454800933,0,49
"40","agente",57.6923076923077,3.47137259357839,1,53
"41","agradable",62.7450980392157,2.70042440146057,0,51
"42","agua",49.1228070175439,3.42090595647114,0,57
"43","águila",64,2.87998962534524,1,51
"44","aguja",38,2.63494467416731,1,51
"45","agujero",77.1929824561403,2.0325988284861,0,57
"46","ahí",71.1538461538462,2.82263627928947,1,53
"47","ahora",91.0714285714286,1.78995654345771,0,56
"48","aire",71.4285714285714,2.96645952071156,0,56
"49","al",42.5531914893617,3.45019555112413,4,51
"50","alarma",78.5714285714286,3.10489521036637,0,56
"51","alcalde",50,3.16805555288448,1,53
"52","alcance",63.8297872340426,3.44443860209117,1,48
"53","alcohol",70.3703703703704,2.96532624330417,1,55
"54","alegra",65.9574468085106,3.09624805466798,2,49
"55","alegre",84,2.27561445554395,0,50
"56","alegría",84,2.26424049085122,1,51
"57","alerta",89.0909090909091,2.5738502175546,0,55
"58","alfombra",48,3.15241704621298,0,50
"59","algo",80,2.61275752077512,1,56
"60","alguacil",82.6086956521739,2.48337626497956,4,50
"61","alguien",80,2.61826122255302,0,55
"62","algún",73.2142857142857,3.01924592771894,1,57
"63","aliento",70.8333333333333,3.0731990746788,2,50
"64","alimento",70.5882352941177,2.02124071551152,0,51
"65","aljibe",86.9565217391304,1.43712006276005,6,52
"66","allá",80,2.18494390260177,2,57
"67","allí",79.2452830188679,2.11757889686496,2,55
"68","alma",54.7169811320755,3.19841956097825,1,54
"69","almuerzo",87.5,1.95865334069873,0,56
"70","alta",64.2857142857143,2.73264999928588,0,56
"71","alternativa",88.6792452830189,1.76327352717787,2,55
"72","alto",67.8571428571429,2.51839475260302,0,56
"73","altura",50,3.33537479537878,0,58
"74","amante",69.0909090909091,2.94318134686956,0,55
"75","amar",77.5510204081633,2.8699398490258,0,49
"76","amargo",76,2.61239136735045,0,50
"77","amarillo",82.6923076923077,2.51534657652126,0,52
"78","ambiente",77.7777777777778,2.88508298122806,0,54
"79","ambulancia",87.5,3.18471087322732,0,56
"80","amenaza",88.6792452830189,2.35391735545183,0,53
"81","americano",21.2765957446809,3.40381003815746,2,49
"82","amiga",52.7272727272727,3.40524742771501,0,55
"83","amigo",76.7857142857143,3.26228650043293,0,56
"84","amigos",64,3.55838243300879,1,51
"85","amistad",76.3636363636364,3.03952344099471,0,55
"86","amo",57.1428571428571,3.16602343952145,0,56
"87","amor",86.7924528301887,3.16618961061264,2,55
"88","amplio",68.6274509803922,2.12466426139251,0,51
"89","análisis",60.7843137254902,3.54767717927624,1,52
"90","ananá",79.5454545454545,1.34575559635853,2,46
"91","anciano",77.5510204081633,2.41913015408527,1,50
"92","andar",74.5098039215686,1.9936510497952,0,51
"93","angustia",80,2.38629714803344,1,51
"94","anillo",57.1428571428571,2.76266937968983,0,56
"95","animal",67.8571428571429,2.97628720304229,0,56
"96","animales",44,3.17993987198043,0,50
"97","ánimo",78.8461538461538,3.25788309626371,0,52
"98","aniversario",73.469387755102,2.65721005957351,0,49
"99","anteojos",73.9130434782609,1.71362230898219,2,48
"100","antes",84.9056603773585,2.22020824600964,1,54
"101","antiguo",78.9473684210526,1.91528719418421,0,57
"102","anuncio",66.6666666666667,2.66127402814176,0,51
"103","anzuelo",76,1.75978290740691,1,51
"104","año",69.811320754717,2.9333932651033,2,55
"105","años",68.75,2.61640456908042,1,49
"106","aparato",28,3.50834219065497,0,50
"107","apartamento",68.6274509803922,2.71314381597948,0,51
"108","aparte",50.9090909090909,2.7299155436028,1,56
"109","apellido",75.4716981132076,2.27327170253345,0,53
"110","apoyo",78.9473684210526,3.48045091036207,0,57
"111","aprecio",71.4285714285714,2.6693012761614,1,50
"112","aprender",62.7450980392157,3.15686601850285,1,52
"113","aprendizaje",65.3061224489796,3.53648454267351,0,49
"114","apuesta",67.2727272727273,3.10770277809883,1,56
"115","apuesto",69.6428571428571,2.70452727468656,0,56
"116","araña",22,2.84408334727018,0,50
"117","árbol",76.4705882352941,2.89429715828436,0,51
"118","arboles",84.7826086956522,2.87578562870338,2,48
"119","archivo",65.4545454545455,3.38829710614415,0,55
"120","arco",63.0434782608696,2.08449562579258,3,49
"121","arena",89.2857142857143,1.28207305229226,0,56
"122","arma",81.1320754716981,3.08240548496523,0,53
"123","armario",35.0877192982456,2.44442237347772,0,57
"124","armas",72.3404255319149,2.90814136721088,1,48
"125","aroma",78.8461538461538,2.22158850350471,0,52
"126","arpa",48.9795918367347,2.08759037301729,2,51
"127","arquero",58.3333333333333,2.67836173278348,2,50
"128","arreglo",32.6530612244898,3.59822454800933,0,49
"129","arresto",78.9473684210526,2.5383286147336,0,57
"130","arriba",81.6326530612245,2.0930136731786,0,49
"131","arte",76.7857142857143,2.7525011108125,0,56
"132","asado",80.7692307692308,2.45593776040317,0,52
"133","asalto",78.4313725490196,2.19159231312023,0,51
"134","ascensor",62,2.58717432006204,0,50
"135","asco",35.7142857142857,3.31958489921202,0,56
"136","asesinato",83.3333333333333,2.62735802299265,1,55
"137","asesino",61.2244897959184,3.28327173081561,0,49
"138","asiento",77.7777777777778,2.24650906391171,0,54
"139","asistente",41.8181818181818,2.28134058134452,0,55
"140","asociación",55.1020408163265,3.19146191128601,0,49
"141","aspecto",59.6153846153846,3.21431879484394,0,52
"142","asunto",81.8181818181818,2.4291389970248,0,55
"143","ataque",50,3.20343227068285,1,57
"144","atención",51.0204081632653,3.42473033909315,1,50
"145","atractivo",68,2.28102598763493,0,50
"146","atrás",65.3846153846154,2.81370974568428,0,52
"147","audiencia",50,3.13864471702396,0,48
"148","ausencia",79.5918367346939,2.52806917750435,1,50
"149","auto",62.2641509433962,3.35274641434873,0,53
"150","autopista",83.3333333333333,2.61640456908042,1,49
"151","autoridad",77.7777777777778,3.08570571898108,0,54
"152","autos",51.0204081632653,3.28327173081561,0,49
"153","auxilio",70.9090909090909,1.94470140695489,0,55
"154","aventura",57.1428571428571,3.40598631404311,0,56
"155","avión",84,2.66104718032343,0,50
"156","aviso",53.7037037037037,3.40013879153867,0,54
"157","ayer",96.4912280701754,1.7139469449344,0,57
"158","ayuda",61.8181818181818,3.31833185075313,0,55
"159","azar",70,2.27178155511312,0,50
"160","azul",90,2.29185017484486,1,51
"161","baila",50,3.13377169248503,0,50
"162","baile",62.962962962963,3.0499170326744,1,55
"163","baja",47.3684210526316,3.16106008992817,0,57
"164","bajo",70.3703703703704,2.74392942006347,0,54
"165","bala",72.7272727272727,3.02917029450142,0,55
"166","balanza",79.5918367346939,2.16958379738819,0,49
"167","ballena",65.3061224489796,2.91032278726919,1,50
"168","banana",59.6153846153846,2.4341373215204,0,52
"169","banco",84.2105263157895,2.47626880010525,0,57
"170","banda",64.1509433962264,2.09744505416786,0,53
"171","bandera",34,3.15103261683214,1,51
"172","baño",48.0769230769231,2.84749894381112,0,52
"173","bar",62.2641509433962,3.00870338035874,1,54
"174","barato",72.5490196078431,2.69262428092989,0,51
"175","barba",48,3.10269686576622,1,51
"176","barco",74.0740740740741,2.52564657262591,0,54
"177","barril",72.9166666666667,2.27053739881474,0,48
"178","barrio",77.7777777777778,3.22076554223301,0,54
"179","base",50,3.62926758755804,0,56
"180","bastón",67.3469387755102,2.57521838045843,0,49
"181","basura",49.0909090909091,3.26686437402808,0,55
"182","batalla",60.7142857142857,2.54674563647135,0,56
"183","batería",58.8235294117647,3.23705546192084,0,51
"184","baúl",72.9166666666667,2.61962219477702,0,48
"185","bebe",75.4385964912281,2.84395183647289,0,57
"186","bebé",73.5849056603774,2.87328640140607,1,54
"187","beber",82,2.18124020373617,1,51
"188","bebida",74.5098039215686,2.80078230021574,0,51
"189","beca",72.9166666666667,3.10412657190586,1,49
"190","belleza",70.1754385964912,3.22210021161551,0,57
"191","beso",72.7272727272727,2.41344724761834,0,55
"192","bestia",43.75,2.76529807335773,3,51
"193","biblia",74.5098039215686,2.36399851608051,0,51
"194","biblioteca",92.8571428571429,1.42537851735523,1,57
"195","bicicleta",80.3921568627451,3.04677976529655,2,53
"196","bien",74.5098039215686,2.84164103695368,0,51
"197","bienestar",82.6923076923077,2.69718204766942,0,52
"198","billete",86.2745098039216,2.00732284214124,0,51
"199","binoculares",50,3.44242545333488,1,51
"200","blanca",70,3.24695981339726,0,50
"201","blanco",92.5925925925926,2.23847920859252,1,55
"202","bobo",66,2.4305958141856,2,52
"203","boca",68.4210526315789,2.95250699140026,1,58
"204","boda",87.037037037037,2.2288132123217,0,54
"205","bola",61.8181818181818,2.71779563077012,1,56
"206","boleto",69.2307692307692,2.5214769549888,0,52
"207","bolsa",43.3962264150943,3.08556486184865,2,55
"208","bolsillo",90.5660377358491,2.66057310029035,1,54
"209","bolso",75.4716981132076,2.65353540779952,0,53
"210","bomba",70.5882352941177,2.65461132081645,1,52
"211","bordo",63.6363636363636,2.92715051218623,11,55
"212","borracho",58.1818181818182,2.92016759253558,0,55
"213","bosque",65.4545454545455,2.13985743165417,0,55
"214","bota",74.5098039215686,2.74568732253449,0,51
"215","bote",67.8571428571429,2.34093304819903,0,56
"216","botella",80,2.67871902890256,0,55
"217","botón",48.936170212766,3.09624805466798,1,48
"218","brazo",70.9090909090909,2.8894351870075,0,55
"219","brillante",45.0980392156863,2.94945022013817,0,51
"220","brillo",70,2.72692337066985,0,50
"221","broche",76,2.30337950519394,1,51
"222","broma",77.1929824561403,2.13567366013707,0,57
"223","bruja",64.1509433962264,3.28490834817344,0,53
"224","buen",79.2452830188679,3.19841956097825,1,54
"225","buena",66.0377358490566,3.10637083949368,1,54
"226","bueno",77.0833333333333,2.22441183068726,0,48
"227","burro",58.8235294117647,2.33149230305453,0,51
"228","busca",22.6415094339623,2.42651026271798,2,55
"229","busco",65.3846153846154,2.51107149380046,2,54
"230","búsqueda",44,3.5479174701335,1,51
"231","buzo",52,2.82491487018023,1,51
"232","caballero",67.2727272727273,2.87748457282186,1,56
"233","caballo",62.5,3.15388779403606,0,56
"234","cabello",82.7586206896552,2.09575347858644,0,58
"235","cabeza",70.3703703703704,3.03891015151168,1,55
"236","cabina",57.1428571428571,2.64337956616124,1,50
"237","cable",60,2.93159086059872,0,55
"238","cabo",48.0769230769231,3.06829643162379,3,55
"239","cabra",72.3404255319149,2.60595537391748,2,49
"240","caca",50,3.09786541440998,1,51
"241","cactus",50,2.27485155780872,0,50
"242","cada",80.7692307692308,2.224351495748,2,54
"243","cadena",50.9090909090909,3.33455094628209,1,56
"244","café",80.3921568627451,2.95475564375678,1,52
"245","caja",57.4074074074074,2.91526388676347,0,54
"246","cajón",82.3529411764706,2.93309645189076,0,51
"247","calavera",57.4468085106383,2.49020758998618,2,49
"248","calidad",66,3.01066065003265,1,51
"249","caliente",69.3877551020408,3.04110286200052,0,49
"250","calle",54.7169811320755,3.38953433769192,1,54
"251","calma",85.1851851851852,1.77993737746782,0,54
"252","calor",75.9259259259259,2.85532372991699,0,54
"253","cama",70.1754385964912,2.46425609320262,0,57
"254","cámara",32,2.05913186685096,0,50
"255","cambio",68.5185185185185,3.33153033952688,1,55
"256","camello",58.8235294117647,2.28323397127325,0,51
"257","camilla",72.5490196078431,2.3942256149377,0,51
"258","caminar",72,3.04810639734026,0,50
"259","camino",67.8571428571429,2.89423354781463,0,56
"260","camión",92.156862745098,2.66430238173856,0,51
"261","camioneta",92.3076923076923,2.77284515136513,0,52
"262","camisa",70.3703703703704,2.55937749988244,0,54
"263","camiseta",58.8235294117647,2.57748752452428,0,51
"264","campamento",81.4814814814815,2.60218779531926,0,54
"265","campana",78.4313725490196,2.80384794734157,0,51
"266","campera",82,1.94214855910287,1,51
"267","campo",85.4545454545455,2.6440000742683,1,56
"268","cana",76.5957446808511,2.31743621057467,3,50
"269","canal",64.2857142857143,2.67874016018166,0,56
"270","canasta",42.5531914893617,2.98402250488222,1,48
"271","cancha",81.6326530612245,2.04158679189239,1,50
"272","canción",73.469387755102,2.52761382307636,0,49
"273","candado",55.1020408163265,2.80126518912689,0,49
"274","cangrejo",66.6666666666667,2.93008888893749,1,52
"275","cansancio",45.0980392156863,2.57842810148292,0,51
"276","cantar",60,3.33121549046075,1,56
"277","cantidad",66.0377358490566,2.89371127174847,0,53
"278","cañón",70.5882352941177,3.16024545181206,0,51
"279","capa",46.9387755102041,3.25356732611843,2,51
"280","capacidad",57.6923076923077,3.23831593759464,2,54
"281","capaz",52.1739130434783,3.31082236000532,3,49
"282","capital",68.6274509803922,2.56873704056081,1,52
"283","cara",76.3636363636364,2.88735830335056,1,56
"284","caracol",42,3.19968842980512,1,51
"285","caramba",36.1702127659575,3.35447893076348,4,51
"286","caravana",60.7843137254902,3.21409707052068,0,51
"287","cárcel",58,2.60851930449203,0,50
"288","carga",69.6428571428571,2.34510795746303,0,56
"289","cargo",64.1509433962264,3.25237645261249,0,53
"290","cariño",94.4444444444444,1.62118036548144,0,54
"291","carne",71.4285714285714,2.91161246401832,1,57
"292","caro",46,2.99237339761137,1,51
"293","carpa",47.0588235294118,2.838282394288,0,51
"294","carrera",59.2592592592593,3.29277121776654,0,54
"295","carretera",92.3076923076923,2.44442954705957,1,53
"296","carrito",60.7843137254902,3.08198199870346,1,52
"297","carta",74.0740740740741,3.21074418650897,0,54
"298","cartas",67.3469387755102,2.7096842144048,0,49
"299","cartera",69.3877551020408,2.77579883355473,0,49
"300","casa",87.037037037037,1.99763830174131,0,54
"301","casado",67.8571428571429,3.0991471209332,0,56
"302","casamiento",82,2.69923803042112,1,51
"303","casar",82.3529411764706,2.89960258190296,1,52
"304","casco",83.6734693877551,2.36160970731346,0,49
"305","casi",62.962962962963,3.12350094088191,1,55
"306","casino",57.4468085106383,2.85490706683448,2,49
"307","caso",73.0769230769231,3.44449964487601,0,52
"308","castigo",57.8947368421053,3.45491554492064,0,57
"309","castillo",58.8235294117647,3.31860218904554,1,52
"310","casualidad",62,2.61239136735045,2,52
"311","causa",85.7142857142857,2.35374815802398,0,56
"312","cebolla",20.8333333333333,2.70304796665042,1,49
"313","cebra",66.6666666666667,2.30320106118667,0,51
"314","celda",79.2452830188679,1.8900833322471,0,53
"315","celeste",66,2.33938386574797,0,50
"316","celular",67.2727272727273,2.74841104265598,0,55
"317","cena",94.2307692307692,2.34254520394245,0,52
"318","central",56,3.18184742472327,2,52
"319","centro",55.7692307692308,3.23664042731819,0,52
"320","cerca",63.1578947368421,2.45673777245066,0,57
"321","cercano",47.0588235294118,2.70178168516728,0,51
"322","cerdo",71.6981132075472,2.11107181811769,0,53
"323","cerebro",70.3703703703704,2.78400796437428,0,54
"324","ceremonia",71.1538461538462,2.81962958691607,0,52
"325","cero",66.0377358490566,2.35536985123422,3,56
"326","cerrada",77.0833333333333,2.12844428671566,2,50
"327","cerrado",59.1836734693878,2.90161004016785,0,49
"328","cerveza",58.9285714285714,2.99098261749255,0,56
"329","championes",37.7777777777778,3.03689684615556,2,47
"330","chance",93.1818181818182,1.32727265577943,4,48
"331","chancho",69.3877551020408,2.53624812525671,1,50
"332","chaqueta",77.3584905660377,2.63874914976997,0,53
"333","charla",74.5454545454545,2.53674218150651,0,55
"334","chica",83.3333333333333,2.70290447746618,0,54
"335","chico",84.9056603773585,2.23387869982034,0,53
"336","chimenea",81.6326530612245,2.33454063960601,1,50
"337","china",52.1739130434783,3.13490504056487,1,47
"338","chino",41.5094339622642,3.22913403133545,0,53
"339","chip",74,2.51002631062018,0,50
"340","chiste",87.037037037037,2.22241073799334,0,54
"341","chocolate",81.8181818181818,2.35813939256556,0,55
"342","ciego",57.4074074074074,3.19264650468514,2,56
"343","cielo",75.9259259259259,2.59097537764906,1,55
"344","ciempiés",29.4117647058824,2.37775503333615,1,52
"345","cien",44.8979591836735,2.49402897470695,1,50
"346","ciencia",61.8181818181818,3.26385446484916,1,56
"347","cierre",69.3877551020408,2.99286675629425,1,50
"348","cierto",80.7692307692308,2.154175154456,0,52
"349","cigarrillo",26,2.63011322281108,0,50
"350","cinco",69.0909090909091,3.004568105608,1,56
"351","cine",74.0740740740741,2.75365886296369,0,54
"352","cinta",34.5454545454545,3.3625644080013,1,56
"353","circo",67.3469387755102,3.04251554504219,0,49
"354","circuito",36,3.21520682346473,2,52
"355","circulación",62.7450980392157,2.89600552170348,1,52
"356","círculo",54,2.26965202294219,2,52
"357","cisne",58,2.7486981920402,1,51
"358","cita",71.4285714285714,3.25446465080132,1,57
"359","ciudad",46.4285714285714,3.4481929065361,0,56
"360","civil",69.3877551020408,3.07313846263916,1,50
"361","clara",58.8235294117647,2.45613529979889,0,51
"362","claro",69.811320754717,2.86619497554472,0,53
"363","clase",58.1818181818182,3.258934890221,0,55
"364","clave",51.7241379310345,3.29073447379143,0,58
"365","clavo",83.6734693877551,2.36762584897674,0,49
"366","cliente",69.811320754717,3.22457605835787,1,54
"367","clima",59.1836734693878,2.44990215748041,0,49
"368","club",59.2592592592593,3.3579472245903,0,54
"369","coche",94.1176470588235,1.9664688074203,0,51
"370","cocina",74.5454545454545,2.75997973206129,0,55
"371","cocodrilo",55.7692307692308,2.67571181795259,0,52
"372","cohete",69.3877551020408,2.68458326832923,1,50
"373","coincidencia",55.5555555555556,3.08077014317611,1,55
"374","cola",74.5454545454545,3.17506380371041,1,56
"375","colectivo",66.6666666666667,3.06676788727248,0,51
"376","colegio",74.5454545454545,2.81846701880126,0,55
"377","collar",28.8461538461538,2.67735075188325,0,52
"378","colonia",72,2.99632362429894,0,50
"379","color",74.5454545454545,2.94212665462458,0,55
"380","colores",57.6923076923077,3.0690698437835,0,52
"381","columna",27.6595744680851,3.17298488238837,1,48
"382","coma",70.1754385964912,2.66921792656693,0,57
"383","combate",90.5660377358491,1.96542933372859,1,54
"384","combustible",71.4285714285714,2.67623176220367,0,56
"385","comer",66.6666666666667,2.9175590112472,1,49
"386","comercial",63.6363636363636,3.2969893006766,0,55
"387","comercio",73.469387755102,3.1167121764625,0,49
"388","comida",81.8181818181818,2.9483565808469,1,56
"389","comienzo",75.9259259259259,2.72649721063536,0,54
"390","comisario",87.5,2.22043266006643,0,56
"391","cómoda",67.3469387755102,2.71452916608984,0,49
"392","comodidad",56.6037735849057,2.75470007523925,0,53
"393","compañero",86.5384615384615,2.07998676571919,0,52
"394","compartir",65.3846153846154,2.81654490394496,0,52
"395","competencia",61.8181818181818,3.53335107147376,1,56
"396","completo",74.5098039215686,2.22543726282043,1,52
"397","complicado",61.2244897959184,2.80605634165511,1,50
"398","comportamiento",66.0377358490566,3.33084594475136,0,53
"399","compra",68.4210526315789,2.75136057967437,0,57
"400","comprar",43.1372549019608,3.18935368449636,1,52
"401","compras",33.3333333333333,3.06313353354396,0,51
"402","compromiso",75,3.36581951799891,0,56
"403","computadora",46.9387755102041,3.08522967922705,1,50
"404","común",66,3.02966410506726,0,50
"405","comunicación",64.1509433962264,3.35189722317722,0,53
"406","comunidad",71.6981132075472,3.09358415690498,0,53
"407","con",51.063829787234,3.34872198173052,3,50
"408","conciencia",69.6428571428571,3.431545269279,0,56
"409","concierto",78.1818181818182,1.72657981647922,0,55
"410","concurso",74.0740740740741,2.90735787550485,0,54
"411","condado",55.7692307692308,3.30788766594583,2,54
"412","conde",30,2.75433170355925,1,51
"413","condición",28,3.85657123098335,1,51
"414","condicional",37.7777777777778,3.31977064147322,3,48
"415","conducta",71.4285714285714,3.14040043949639,1,50
"416","conductor",49.1228070175439,2.69751727149997,0,57
"417","conejo",60.7843137254902,2.85461537189188,0,51
"418","conferencia",75.4716981132076,3.19656624954846,1,54
"419","confianza",67.2727272727273,3.10059160578429,0,55
"420","conflicto",64.5833333333333,2.71334471888015,3,51
"421","conjunto",72,3.12156419892224,0,50
"422","conocer",71.1538461538462,2.42361139735592,0,52
"423","conocido",79.6296296296296,2.62650293200439,0,54
"424","conocimiento",78.9473684210526,2.66546122385515,0,57
"425","consecuencia",64,3.20841086199291,0,50
"426","consejo",72.2222222222222,3.12173468834224,0,54
"427","construcción",59.1836734693878,2.84246889129488,1,50
"428","contacto",59.2592592592593,3.62617717386331,1,55
"429","contenta",90,2.00424254297435,1,51
"430","contento",92.8571428571429,1.89410233446332,0,56
"431","contra",48.2142857142857,3.56713746369771,1,57
"432","contrario",70.9090909090909,2.17539779915484,0,55
"433","contrato",75.9259259259259,2.54881903236698,0,54
"434","control",48.1481481481481,3.29873219940094,1,55
"435","conversación",72,2.76599715578691,0,50
"436","copa",67.8571428571429,2.6474331155126,0,56
"437","copia",57.1428571428571,3.35192984562462,0,56
"438","corazón",71.4285714285714,2.6558604680136,0,56
"439","corbata",76,2.74781273317249,0,50
"440","corona",74.5098039215686,2.3733550001757,0,51
"441","coronel",61.1111111111111,2.97757978185692,1,55
"442","correcto",48.936170212766,2.62675088971856,1,48
"443","corredor",66.6666666666667,2.79547687659714,0,51
"444","correo",64.8148148148148,2.46240925214899,0,54
"445","correr",53.8461538461538,3.20456408237449,0,52
"446","corriente",66.0377358490566,2.9137943161421,0,53
"447","corta",77.0833333333333,2.77288249568504,1,49
"448","corte",63.1578947368421,3.46805269608245,0,57
"449","corto",74.5454545454545,2.91589911119226,0,55
"450","cosa",86.7924528301887,2.04070572170447,0,53
"451","cosas",29.1666666666667,3.10738382197705,2,50
"452","costa",72.7272727272727,2.23575926510745,0,55
"453","costado",77.0833333333333,2.25938441865515,1,49
"454","costo",80.7692307692308,2.32695564281824,0,52
"455","crea",22.4489795918367,3.54857575926139,0,49
"456","crecimiento",66.6666666666667,3.04542248158984,0,51
"457","crédito",59.6153846153846,2.88998884644052,0,52
"458","crema",62.5,3.61664797659485,0,56
"459","criatura",75.4385964912281,2.7436818931325,0,57
"460","crimen",76.3636363636364,3.22243001729985,0,55
"461","crisis",59.2592592592593,3.57483293826627,1,55
"462","cristo",49.0196078431373,2.30998511104313,0,51
"463","cruz",63.8297872340426,2.63926790413478,2,49
"464","cuadro",56.8627450980392,2.88810924187968,0,51
"465","cualquier",66.0377358490566,2.5564352007317,1,54
"466","cualquiera",58.8235294117647,3.56819671432583,2,53
"467","cuando",70.2127659574468,2.88440269153915,2,49
"468","cuanto",75,2.70138447097972,3,55
"469","cuarto",82.6923076923077,2.71896836753865,0,52
"470","cuatro",74.5454545454545,2.83120971318913,1,56
"471","cubierta",54.7169811320755,3.03832119981711,0,53
"472","cubierto",63.4615384615385,2.52801153332709,0,52
"473","cucaracha",36.5384615384615,2.15116820546578,0,52
"474","cuchara",87.2340425531915,2.22016050553056,1,48
"475","cuchilla",64.7058823529412,2.98632352343518,0,51
"476","cuchillo",64.1509433962264,2.86513421087194,1,54
"477","cuello",65.3846153846154,3.03841679054801,2,54
"478","cuenta",61.1111111111111,3.11563015128959,0,54
"479","cuento",69.811320754717,2.59070841639903,2,55
"480","cuerda",55.3571428571429,3.09103950174172,0,56
"481","cuero",86,2.36550105567817,0,50
"482","cuerpo",80.3571428571429,3.1771211832633,0,56
"483","cuesta",61.8181818181818,2.84321922774499,1,56
"484","cuidado",60.7142857142857,3.21809167809482,1,57
"485","cuidar",50,2.93427894983727,0,50
"486","culo",56.8627450980392,2.91257691684117,2,53
"487","culpa",65.4545454545455,3.19649343923758,0,55
"488","culpable",64.7058823529412,3.49997540185175,0,51
"489","cultura",56,3.71794179487136,0,50
"490","cumpleaños",84,2.68394390467287,0,50
"491","cumplido",44.8979591836735,3.12972190595018,1,50
"492","cumplir",60,3.28653509287579,1,51
"493","cura",52.8301886792453,2.9256759152423,0,53
"494","curiosidad",65.4545454545455,3.13164955795479,0,55
"495","curioso",53.448275862069,3.65828039724941,0,58
"496","curso",69.0909090909091,3.21060106983722,0,55
"497","dado",64.2857142857143,2.3859559121994,0,56
"498","dama",77.7777777777778,2.21868322117477,0,54
"499","dar",22.4489795918367,2.46718184473591,0,49
"500","debe",75.9259259259259,2.86102431776983,0,54
"501","deber",84.2105263157895,2.77023494407349,0,57
"502","decir",79.6296296296296,2.35175917425244,0,54
"503","decisión",62,3.07013952718758,0,50
"504","dedal",51.1111111111111,2.38677653012475,3,48
"505","dedo",61.1111111111111,2.59366305557219,1,55
"506","dedos",72,2.28850043812509,1,51
"507","defensa",62.2641509433962,3.61561745359856,1,54
"508","dejado",20.3703703703704,3.19245848481945,0,54
"509","dejar",60,2.94728261000518,3,58
"510","dejo",47.1698113207547,3.57794445285781,1,54
"511","del",43.9024390243902,3.49793757132665,9,50
"512","delfín",70,2.87042480511174,0,50
"513","delito",64,2.90011520244972,0,50
"514","demanda",69.2307692307692,2.93260694163382,0,52
"515","demasiado",86.2745098039216,1.52320858414084,2,53
"516","demonio",68.9655172413793,2.60306118472492,0,58
"517","dentro",86.2745098039216,2.68114533676355,2,53
"518","departamento",60,3.10562589444189,0,55
"519","deporte",76.4705882352941,2.78604297970539,0,51
"520","derecha",85.4545454545455,1.44932094425524,0,55
"521","derecho",51.9230769230769,2.92140854663268,1,53
"522","desafío",62,3.35924779166769,1,51
"523","desarrollo",56.6037735849057,3.25073255573749,0,53
"524","desastre",21.1538461538462,3.06043067118855,0,52
"525","desayuno",65.5172413793103,3.18691522402981,0,58
"526","descanso",67.2727272727273,2.99066227448843,0,55
"527","desconocido",61.7021276595745,3.38397455546816,4,51
"528","descubierto",46.1538461538462,3.37591477044229,0,52
"529","deseo",74.5454545454545,3.02538122912269,0,55
"530","desgracia",70.2127659574468,3.16061529427342,3,50
"531","desierto",66.0377358490566,2.24619227452087,0,53
"532","desnudo",65.9574468085106,3.01290102242228,2,49
"533","despedida",55.3571428571429,2.64184925824771,0,56
"534","despertar",44,2.85134023985552,2,52
"535","después",75.9259259259259,2.78136910420456,0,54
"536","destino",77.1929824561403,3.3010244424392,0,57
"537","destornillador",68.6274509803922,2.49094670155842,0,51
"538","destreza",67.3913043478261,2.23517979547952,4,50
"539","detalle",43.75,3.35315576162075,3,51
"540","deuda",59.2592592592593,3.00068814154277,1,55
"541","día",89.2857142857143,2.16710893134477,0,56
"542","diablo",76.7857142857143,3.02232362591126,0,56
"543","diálogo",82.6923076923077,2.68711958336626,0,52
"544","diana",64.5833333333333,3.1144233241356,4,52
"545","diario",60.7142857142857,2.36534917885125,0,56
"546","días",60,2.60054197509432,1,51
"547","dibujo",52,3.34198686732058,1,51
"548","dicho",62.962962962963,2.51315451298327,0,54
"549","dientes",33.3333333333333,2.88451218168019,0,51
"550","diez",38.1818181818182,2.81407479029559,0,55
"551","diferencia",46,3.31368089936344,1,51
"552","diferente",76,2.48535130466691,1,51
"553","difícil",75,2.5805228331747,0,56
"554","dilema",75.9259259259259,2.4811898382664,0,54
"555","dinero",74.5454545454545,2.91016122507156,2,57
"556","dinosaurio",43.1372549019608,3.07677273437797,0,51
"557","dios",52.1739130434783,3.19517870843965,3,49
"558","dirección",68.6274509803922,2.90367443302308,1,52
"559","director",60,3.37260535673769,1,56
"560","disco",58.4905660377358,2.74921714411067,0,53
"561","disculpa",72.7272727272727,1.76072139959894,1,56
"562","discurso",59.2592592592593,3.25057965081816,0,54
"563","disfrute",58.8235294117647,3.09426391583076,0,51
"564","disparo",87.2727272727273,2.53679256634179,2,57
"565","dispositivo",49.1228070175439,3.22081465056072,0,57
"566","distancia",63.6363636363636,2.63729458135325,0,55
"567","distinto",79.2452830188679,2.09538338764363,0,53
"568","distrito",64,2.93692162316657,5,55
"569","diversión",76,3.22200278493654,0,50
"570","divertido",69.3877551020408,3.41204720338817,0,49
"571","división",38,3.24154828130628,1,51
"572","divorcio",89.4736842105263,2.22236998764777,0,57
"573","doble",50,2.63335736648326,1,53
"574","doce",38.8888888888889,2.440375116046,0,54
"575","doctor",51.8518518518518,2.67216894349755,1,55
"576","documento",58.8235294117647,2.89925150219055,0,51
"577","dolor",66.0377358490566,3.43762719089497,0,53
"578","domingo",79.6296296296296,2.57788837368724,2,56
"579","don",73.0769230769231,3.12647451357486,2,54
"580","donde",78.8461538461538,2.24863200466108,0,52
"581","dormir",41.6666666666667,2.65618670459885,0,48
"582","dormitorio",93.4782608695652,1.7810308090282,1,47
"583","dos",70.1754385964912,2.65436345857536,1,58
"584","droga",41.8181818181818,3.31885919687563,0,55
"585","ducha",81.8181818181818,2.21397727612015,0,55
"586","duda",50.9090909090909,3.34865857688173,0,55
"587","duelo",84,2.67826755769687,0,50
"588","dulce",53.0612244897959,2.85173474179942,3,52
"589","durazno",70,2.4935629659895,1,51
"590","duro",58,3.11512633875709,0,50
"591","economía",75,2.52827682114115,0,48
"592","edad",69.0909090909091,2.65789975181544,1,56
"593","edificio",69.6428571428571,3.1393139169774,1,57
"594","educación",68.6274509803922,3.30834242152075,0,51
"595","efectivo",65.4545454545455,2.32243846131689,0,55
"596","efecto",66,2.55039916981513,3,53
"597","ejemplo",53.7037037037037,3.63458507524706,2,56
"598","ejercicio",67.2727272727273,3.19616789259516,0,55
"599","ejército",70.8333333333333,3.04049606569352,1,49
"600","el",46,2.62195618758395,0,50
"601","electricidad",61.2244897959184,2.62133049578951,0,49
"602","elefante",63.265306122449,2.45249867875625,2,51
"603","elegido",40,3.20197300182776,0,50
"604","emergencia",73.5849056603774,2.85611079555732,0,53
"605","emoción",68.6274509803922,2.70449625258069,0,51
"606","empiezo",46.9387755102041,2.28051723704396,1,50
"607","empleado",56,2.75066270215578,1,51
"608","empleo",87.719298245614,1.3722212785068,0,57
"609","empresa",59.2592592592593,3.21473337909623,0,54
"610","en",66.6666666666667,3.10412657190586,2,50
"611","enamorada",72.5490196078431,2.89811408898517,0,51
"612","enamorado",82.1428571428571,2.86088670669679,0,56
"613","enchufe",81.6326530612245,2.45026756697701,1,50
"614","encuentro",63.4615384615385,3.52933723377169,1,53
"615","enemigo",66.0377358490566,2.77853301837371,0,53
"616","energía",52,3.17057811320188,1,51
"617","enfermedad",64.1509433962264,3.18377956695976,1,54
"618","enfermo",54.9019607843137,3.13274942325378,0,51
"619","engaño",44,2.45688082778326,0,50
"620","enojo",52.9411764705882,2.76145159353568,1,52
"621","enorme",88.2352941176471,2.03822721332196,1,52
"622","ensalada",62.5,2.73257757944516,0,56
"623","ensayo",55.5555555555556,3.23140562644548,2,56
"624","enseñanza",84.3137254901961,2.90591420951586,0,51
"625","entera",53.0612244897959,2.54404317295148,1,50
"626","entero",71.1538461538462,2.51330585384875,0,52
"627","entonces",53.7037037037037,3.37732678547047,3,57
"628","entrada",73.5849056603774,2.50881801298986,0,53
"629","entrar",72.2222222222222,1.91138959358336,0,54
"630","entrega",63.7931034482759,3.36096996549772,0,58
"631","entrenador",56.6037735849057,3.33561333228373,0,53
"632","entrenamiento",55.5555555555556,3.32759600421371,0,54
"633","entretenimiento",74.5098039215686,2.88785432146037,1,52
"634","entrevista",62.5,2.87462974975681,0,56
"635","episodio",53.7037037037037,3.05671147971788,1,55
"636","equipo",81.8181818181818,2.73528664734901,2,57
"637","error",53.5714285714286,3.22847329669129,0,56
"638","es",58.695652173913,3.03289886013288,3,49
"639","escalera",72.2222222222222,2.70198093311671,1,55
"640","escape",65.3061224489796,2.90480081574779,0,49
"641","escena",82.4561403508772,2.37631837383057,0,57
"642","escenario",53.7037037037037,2.7952736556605,1,55
"643","escoba",34.6938775510204,2.08355436764328,1,50
"644","escopeta",78.4313725490196,2.66966588952972,0,51
"645","escribir",71.4285714285714,3.21834094989984,0,49
"646","escrito",70.9090909090909,3.05169513325714,1,56
"647","escritor",66.6666666666667,3.33328488740287,0,51
"648","escritorio",84.9056603773585,2.65222934234589,0,53
"649","escucha",27.5862068965517,2.8351341733488,0,58
"650","escuchar",26,2.07918336954499,0,50
"651","escucho",24,2.458321701408,0,50
"652","escuela",52.7272727272727,3.1311222118323,0,55
"653","esfuerzo",82.3529411764706,2.49458575730393,2,53
"654","espacio",78.5714285714286,2.98476745362901,1,57
"655","espada",62.0689655172414,3.36293942413793,0,58
"656","espalda",61.4035087719298,3.21613884190339,0,57
"657","especial",71.4285714285714,2.96631431146312,0,49
"658","especie",67.9245283018868,3.15412586127534,1,54
"659","espejo",77.7777777777778,2.62368270066483,0,54
"660","espera",60.377358490566,3.21634734874675,0,53
"661","esperanza",72.2222222222222,2.9927070282271,0,54
"662","esperar",62,2.83419846512964,1,51
"663","esposa",77.7777777777778,2.46325949603008,0,54
"664","esposas",65.3061224489796,2.70794493758041,0,49
"665","esposo",92.8571428571429,2.44322996810355,0,56
"666","esqueleto",38.2978723404255,2.21209809612301,2,49
"667","esquina",52.7272727272727,3.09326960085677,1,56
"668","estaca",62.7450980392157,2.8010394642461,2,53
"669","estación",77.0833333333333,2.45756718839566,0,48
"670","estado",63.6363636363636,3.11987447036127,0,55
"671","estar",76,2.64007670759918,2,52
"672","este",62.5,2.34413364327372,3,51
"673","estetoscopio",53.3333333333333,2.62355828964089,3,48
"674","estilo",65.4545454545455,3.2671899206705,1,56
"675","estrella",70.5882352941177,2.69647626154867,1,52
"676","estrellas",78,2.24149215906726,1,51
"677","estudiante",64.2857142857143,3.23781701354423,0,56
"678","estudiar",72.3404255319149,2.94096354517975,1,48
"679","estudio",66.6666666666667,3.74824520593754,1,55
"680","estufa",80.3921568627451,1.50953082722234,0,51
"681","evento",78,2.35883127963873,2,52
"682","examen",75.9259259259259,2.50323024189687,0,54
"683","excusa",64.8148148148148,2.53859214013547,2,56
"684","éxito",50,3.19910834907038,0,50
"685","expediente",61.5384615384615,3.07729812275701,1,53
"686","experiencia",78.5714285714286,3.21153988987432,1,57
"687","experimento",52,3.18068497477051,0,50
"688","experto",29.4117647058824,3.25038087657146,0,51
"689","explosión",47.9166666666667,2.93228189070425,1,49
"690","expresión",70,3.31564540947903,1,51
"691","exterior",90.9090909090909,2.16969241386717,0,55
"692","fácil",78,2.27294400506588,0,50
"693","facultad",77.5510204081633,2.84046428913612,0,49
"694","falla",61.4035087719298,2.48393910867809,0,57
"695","falsa",60,3.08060449006287,1,51
"696","falso",57.4468085106383,2.67878900865544,3,50
"697","falta",64.1509433962264,3.23314259939037,0,53
"698","familia",79.6296296296296,3.19476184915054,0,54
"699","familiar",80,3.33170825531087,0,55
"700","fantasma",47.2727272727273,3.06120873587105,1,56
"701","favor",65.3846153846154,3.11452309723748,1,53
"702","fe",72.7272727272727,2.53732606603671,0,55
"703","fecha",68.9655172413793,2.70613724203637,0,58
"704","felicidad",77.3584905660377,2.69561373172408,0,53
"705","feliz",88.8888888888889,2.96321089883877,0,54
"706","femenino",78,2.0863646963434,0,50
"707","feo",60.7843137254902,2.93445373559746,1,52
"708","feria",64.7058823529412,3.44920797730144,1,52
"709","fiebre",83.6363636363636,2.49675451125231,0,55
"710","fiel",56.6037735849057,3.16585177919126,0,53
"711","fiesta",77.7777777777778,2.7453923980322,0,54
"712","figura",67.3913043478261,2.65831516850501,1,47
"713","fila",69.0909090909091,2.64011603993763,0,55
"714","filo",74,2.16692886490526,1,51
"715","fin",64.5833333333333,3.03690541780248,3,51
"716","final",75.9259259259259,3.36349501424374,0,54
"717","firma",50.9090909090909,3.50606883579646,1,56
"718","firme",64.7058823529412,3.26954312791435,0,51
"719","fiscal",74.5454545454545,2.85891097715145,0,55
"720","físico",59.1836734693878,2.9856667763968,0,49
"721","flamenco",76.4705882352941,2.03326418394945,0,51
"722","flauta",60.4166666666667,2.0940946924115,1,49
"723","flecha",69.811320754717,2.61237685205285,0,53
"724","flor",74.5098039215686,3.23345840172136,0,51
"725","flores",63.265306122449,3.21400515179962,0,49
"726","foca",60,2.98218966002017,1,51
"727","foco",80,2.01826259250763,0,50
"728","fondo",81.8181818181818,3.2411662571576,1,56
"729","forma",46.4285714285714,3.38327085404333,0,56
"730","formal",62,3.12330672960974,2,52
"731","fortuna",85.1851851851852,2.39851512438157,0,54
"732","foto",64,3.19150803895247,2,52
"733","fotocopia",64.7058823529412,3.10285261346547,0,51
"734","frasco",50.9803921568627,2.69547005755438,0,51
"735","frase",40.3846153846154,2.59844878344924,0,52
"736","frecuencia",50.9803921568627,3.50887788566984,0,51
"737","frente",81.1320754716981,2.77038082783958,1,54
"738","fresco",61.2244897959184,2.76334220747025,0,49
"739","frío",74.5098039215686,2.84911086841548,0,51
"740","frontera",40,2.67911245331664,0,50
"741","fruta",74.5098039215686,3.20097073572785,0,51
"742","frutas",70,3.10743023464348,0,50
"743","frutilla",76.4705882352941,2.59293590231354,0,51
"744","fuego",80.3571428571429,2.55485121237419,0,56
"745","fuente",77.7777777777778,1.86358831497615,1,55
"746","fuera",81.1320754716981,3.09725489353852,1,54
"747","fuerte",38,3.54653304075266,1,51
"748","fuerza",39.622641509434,3.48614103215408,0,53
"749","fuga",58.8235294117647,2.47984419318252,0,51
"750","funeral",88.8888888888889,1.96227640350271,0,54
"751","fútbol",80.3921568627451,2.41637646794242,0,51
"752","futuro",66.0714285714286,3.1710533605206,0,56
"753","gallina",72.9166666666667,2.89813676778059,1,49
"754","gallo",58.8235294117647,2.81898253894744,0,51
"755","gana",39.2857142857143,2.86416260080703,0,56
"756","ganado",76.7857142857143,2.68561168171167,0,56
"757","ganador",34,3.24695981339726,0,50
"758","ganar",26.530612244898,2.95669803490493,1,50
"759","ganas",62.5,3.30773661350755,0,48
"760","gano",41.6666666666667,2.4225196023493,2,50
"761","garganta",41.8181818181818,2.9097209643997,2,57
"762","gas",47.2727272727273,3.15603659848261,0,55
"763","gasolina",80.3571428571429,2.23697537448339,1,57
"764","gato",61.1111111111111,2.62525861151097,1,55
"765","general",58.1818181818182,3.09148368256988,0,55
"766","genial",26.7857142857143,3.10417908522099,1,57
"767","genio",56.140350877193,3.17620125163616,0,57
"768","gente",70.3703703703704,2.85211452626095,0,54
"769","gerente",82.3529411764706,2.77882596163434,0,51
"770","gigante",68.5185185185185,2.55694809677488,0,54
"771","gimnasio",72.7272727272727,2.8432929643101,0,55
"772","gira",56,3.16342405042341,3,53
"773","globo",74.5098039215686,2.87649219064818,0,51
"774","gloria",57.8947368421053,3.43212312690757,0,57
"775","gobierno",53.8461538461538,3.39139407274455,3,55
"776","golf",83.9285714285714,2.50885079654351,0,56
"777","golpe",68.6274509803922,3.03787728147846,2,53
"778","goma",22.4489795918367,2.53733246925985,0,49
"779","gorda",31.9148936170213,2.82993417683351,1,48
"780","gordo",32,3.00869613991707,0,50
"781","gorila",72,2.26277789764123,0,50
"782","gorro",68.75,2.67393560555617,1,49
"783","gracia",54.5454545454545,3.31678231321868,1,56
"784","gracioso",68.6274509803922,2.43957080251527,0,51
"785","grado",71.9298245614035,3.26952770728564,0,57
"786","gran",75,3.25844086620097,0,52
"787","grande",87.5,2.80502087827956,0,48
"788","granja",66.0714285714286,2.67623176220367,0,56
"789","gris",68.6274509803922,3.03958564489758,1,52
"790","grito",66.6666666666667,3.33495595729296,0,51
"791","grupo",77.7777777777778,3.18271596607127,0,54
"792","guante",65.3061224489796,2.77096886531263,1,50
"793","guantes",55.3191489361702,2.84706021342324,2,49
"794","guapo",66.6666666666667,2.41470511721348,1,55
"795","guardar",38,3.45427484559101,0,50
"796","guardia",80.7692307692308,2.49285291654117,0,52
"797","guerra",85.1851851851852,2.54228127648102,1,55
"798","guía",54.9019607843137,3.42202573492654,0,51
"799","guitarra",65.3846153846154,1.72635740350946,0,52
"800","gusto",89.4736842105263,2.23788354212259,0,57
"801","haber",66.0377358490566,3.18323232098358,1,54
"802","habilidad",64.2857142857143,2.9877067233823,0,56
"803","habitación",71.4285714285714,2.67997980970762,0,49
"804","habla",63.6363636363636,3.53335107147376,0,55
"805","hablar",40,2.95931335694788,0,55
"806","hacer",30.9090909090909,3.34248043008917,0,55
"807","hacha",44.6808510638298,2.6066355085885,0,47
"808","hamaca",40.8163265306122,3.13898775645472,1,50
"809","hambre",75.9259259259259,2.85866821513064,1,55
"810","hamburguesa",72.9166666666667,2.49371642263978,0,48
"811","hasta",67.8571428571429,3.06372651961692,0,56
"812","hay",57.1428571428571,3.32023738385857,2,51
"813","haz",75.5102040816327,2.28074608185146,6,55
"814","hecha",47.3684210526316,3.30133856639241,0,57
"815","hecho",58.9285714285714,3.20998405890334,0,56
"816","heladera",46,2.46606582712485,0,50
"817","helado",54.3859649122807,2.49521454792814,0,57
"818","helecho",85.4166666666667,1.25783777587812,3,51
"819","herencia",66.6666666666667,3.02130588634077,0,51
"820","herida",66,2.23836519899892,0,50
"821","herido",52.7272727272727,3.11934712423878,0,55
"822","hermano",66.0377358490566,2.85787373529306,2,55
"823","hermoso",75.5102040816327,2.19304321561458,1,50
"824","herradura",60.4166666666667,1.9449492109697,2,50
"825","herramienta",59.6153846153846,2.81997391509555,0,52
"826","hielo",41.8181818181818,1.79838886946088,0,55
"827","hierba",84.2105263157895,2.40587076233876,0,57
"828","hija",81.6326530612245,2.92593137321973,0,49
"829","hijo",80,2.74990827518561,0,55
"830","hijos",57.4468085106383,3.20162481704401,2,49
"831","hilo",43.1372549019608,2.59837892992982,0,51
"832","historia",60.7142857142857,3.14055001463886,0,56
"833","hogar",87.2727272727273,1.78142396996288,0,55
"834","hoja",76,2.82878693303866,0,50
"835","hojas",67.3076923076923,2.61608798696108,0,52
"836","hombre",75.9259259259259,2.47924183338851,0,54
"837","hombro",78,2.41598754537142,0,50
"838","homicidio",85.1851851851852,2.60021600627211,0,54
"839","hondo",80.3921568627451,1.65434452291493,0,51
"840","hongo",47.0588235294118,3.40983997709235,0,51
"841","honor",50,3.38075923065851,0,54
"842","hora",81.8181818181818,2.24645232806322,0,55
"843","horario",68,2.86238528346555,0,50
"844","horas",59.1836734693878,2.1343574211696,0,49
"845","hormiga",44.8979591836735,2.78647736710094,0,49
"846","hospital",59.6491228070175,2.9403034959172,0,57
"847","hostia",75,2.48993941161741,1,49
"848","hotel",66.6666666666667,2.99567746368076,1,55
"849","hoy",89.0909090909091,2.35811696894946,0,55
"850","hoyo",76.3636363636364,1.82874255162828,1,56
"851","huella",62,3.17334697196356,1,51
"852","huevo",62.7450980392157,2.6761087263537,0,51
"853","humana",76.9230769230769,3.05788963914114,0,52
"854","humanidad",76.7857142857143,3.13367849310885,0,56
"855","humano",88.6792452830189,2.20149543390635,0,53
"856","humo",72.7272727272727,2.59305587053266,1,56
"857","humor",77.7777777777778,2.56972123047727,0,54
"858","idea",75,3.02417436026677,1,53
"859","identidad",62.2641509433962,3.14079193271047,0,53
"860","idioma",66,2.34860526844888,1,51
"861","iglesia",69.6428571428571,2.95022342909153,0,56
"862","igual",46.1538461538462,3.38433830081479,0,52
"863","igualdad",30.7692307692308,3.16319648482264,0,52
"864","imagen",81.8181818181818,2.53782091132617,1,56
"865","impar",70.2127659574468,2.19366943623066,2,49
"866","importancia",44,2.96062040767883,4,54
"867","importante",51.7857142857143,3.56590136603625,0,56
"868","imposible",46.8085106382979,3.09477525745433,3,50
"869","incendio",87.037037037037,1.17946439382507,0,54
"870","incertidumbre",63.8297872340426,2.92309121195253,4,51
"871","incidente",62,2.73550240980284,2,52
"872","individuo",93.6170212765958,1.93958510243434,3,50
"873","infancia",65.3846153846154,2.79516678383938,0,52
"874","infierno",75.4385964912281,2.61000962900008,0,57
"875","infinito",43.75,3.30773661350755,1,49
"876","información",63.4615384615385,3.61773928497802,0,52
"877","informe",64.2857142857143,3.6093440561907,0,56
"878","inglés",70,1.77766195188837,0,50
"879","inicio",80.3921568627451,2.0984998302354,0,51
"880","inseguridad",58,3.00673162980149,0,50
"881","inspector",44.8979591836735,3.13780391822055,0,49
"882","instante",88,2.20268090035195,2,52
"883","insulto",39.2156862745098,3.42868844225185,1,52
"884","inteligencia",64,3.65882101902309,0,50
"885","inteligente",50.9803921568627,3.58511918917594,0,51
"886","intento",52.8301886792453,3.19841956097825,1,54
"887","interesante",56,3.43057606107875,0,50
"888","interior",87.5,2.83661541572602,0,56
"889","internacional",60,3.38697367889009,0,50
"890","internet",39.5833333333333,3.19076996947585,1,49
"891","intriga",58.4905660377358,3.05004711773303,0,53
"892","investigación",60.7843137254902,3.17019143315347,0,51
"893","invierno",50,1.88258958715486,0,54
"894","inyección",56,2.73546437040323,0,50
"895","ir",59.6491228070175,3.29337318613412,0,57
"896","ira",53.448275862069,2.43019991686118,0,58
"897","isla",67.2727272727273,3.12620263720414,0,55
"898","izquierda",69.6428571428571,2.16281452797781,0,56
"899","jardín",82,2.22825604894702,1,51
"900","jarra",72.5490196078431,2.657459341052,0,51
"901","jarrón",54,2.80106104581626,2,52
"902","jaula",50,2.75755674610657,1,51
"903","jefa",65.3061224489796,3.24663267155535,1,50
"904","jefe",71.1538461538462,3.1343402740101,1,53
"905","jeringa",72.9166666666667,2.65148972442603,2,50
"906","jirafa",82.6086956521739,2.25369790030099,1,47
"907","joda",78.4313725490196,2.51115490883056,1,52
"908","joven",63.6363636363636,3.1791438344592,0,55
"909","juan",25,3.29107718154661,0,52
"910","juego",77.7777777777778,2.56003145003719,0,54
"911","jueves",91.0714285714286,2.07836109726795,0,56
"912","juez",79.6296296296296,2.81300220363748,0,54
"913","jugada",64,3.39685856103064,2,52
"914","jugador",58.1818181818182,2.98577728113264,0,55
"915","jugo",79.6296296296296,2.02028313684068,0,54
"916","juicio",69.0909090909091,3.44435861085494,0,55
"917","junta",53.5714285714286,3.6600906667493,0,56
"918","jurado",69.811320754717,3.04423897161882,2,55
"919","justicia",57.8947368421053,3.52465998374846,0,57
"920","justo",52.7272727272727,3.42793563540657,0,55
"921","juzgado",67.3076923076923,2.79861667920655,0,52
"922","laboratorio",52.7272727272727,3.26666257454801,1,56
"923","lado",55.5555555555556,3.0498818110081,1,55
"924","ladrón",46,3.09728533367524,0,50
"925","lago",67.2727272727273,2.43825807540913,1,56
"926","lamento",58.9285714285714,2.89509014468767,0,56
"927","lámpara",88,0.866893910730614,0,50
"928","lana",62.7450980392157,2.51014870483627,0,51
"929","lapicera",57.6923076923077,2.40470088343838,0,52
"930","lápiz",70.8333333333333,2.86361862266249,0,48
"931","larga",66,3.19040483485572,0,50
"932","largo",51.9230769230769,2.76391861775993,1,53
"933","lata",34,3.2483442427781,1,51
"934","látigo",66.6666666666667,3.19904474541846,0,51
"935","lazo",71.1538461538462,3.02918250510911,0,52
"936","leche",88.6792452830189,2.09802924583044,0,53
"937","lechuga",76,2.38459265674555,0,50
"938","lectura",83.6734693877551,2.54197730234439,0,49
"939","leer",85.7142857142857,2.46113123568079,1,50
"940","legal",65.3846153846154,3.2545686520566,0,52
"941","lejos",72.5490196078431,2.34139874725586,1,52
"942","lengua",66.0714285714286,2.80536198094925,0,56
"943","lenguaje",73.0769230769231,3.05247280114205,0,52
"944","lentes",70,2.8663977024016,0,50
"945","lento",70.1754385964912,2.78020433487795,0,57
"946","león",36.734693877551,2.70420105859728,0,49
"947","letra",51.063829787234,2.76251699973802,1,48
"948","letras",56.8627450980392,2.94687375978993,0,51
"949","ley",60.377358490566,3.24727123365874,0,53
"950","leyenda",65.9574468085106,2.48564682239274,0,47
"951","leyes",49.0196078431373,3.47639021967634,1,52
"952","libélula",44.8979591836735,2.92218749423659,1,50
"953","libertad",59.6491228070175,3.67823696227668,0,57
"954","libre",72.5490196078431,3.36134962256384,1,52
"955","libro",75,3.41561580045592,1,57
"956","libros",72.9166666666667,3.18406386513715,0,48
"957","licencia",78.1818181818182,2.4055614198142,0,55
"958","liceo",82,2.98293476281025,0,50
"959","licor",76.4705882352941,2.4878810544326,0,51
"960","líder",58,3.30183150710731,0,50
"961","límite",50,3.2033574312086,2,52
"962","limón",42,2.23098686830909,0,50
"963","limpia",50,3.16319648482264,3,55
"964","limpieza",50.9803921568627,3.07339330106876,1,52
"965","limpio",39.2156862745098,2.81166885851579,0,51
"966","linda",50,2.45074834575108,1,51
"967","lindo",64.7058823529412,2.7980111106493,0,51
"968","línea",30.6122448979592,2.77475156000965,1,50
"969","linterna",88,0.943541372557431,1,51
"970","líquido",62.7450980392157,2.31728215200678,0,51
"971","lisa",32,3.049209601437,1,51
"972","lista",46.2962962962963,3.57483293826627,1,55
"973","listo",86.7924528301887,1.89254269301404,0,53
"974","llama",79.5918367346939,2.03492874784143,0,49
"975","llamada",82.1428571428571,2.06825418100741,0,56
"976","llamado",70.9090909090909,2.92968119514948,0,55
"977","llanto",76.5957446808511,2.18079185044617,0,47
"978","llave",60,2.52979610805669,1,56
"979","llega",38.5964912280702,3.28941582696817,0,57
"980","llegada",81.6326530612245,3.09449552973159,0,49
"981","llegar",69.3877551020408,3.12771730379142,0,49
"982","llena",32.1428571428571,2.47804665168833,0,56
"983","lleno",68,2.52492658414543,0,50
"984","lluvia",62.2641509433962,2.86855728108874,1,54
"985","lobo",59.2592592592593,2.74584081167946,0,54
"986","loca",35.0877192982456,3.53383977574433,0,57
"987","local",59.2592592592593,3.46245468663212,0,54
"988","loco",43.6363636363636,3.72056071039459,0,55
"989","locura",43.1372549019608,3.34218737122096,1,52
"990","logro",60.4166666666667,3.19640698207062,0,48
"991","lombriz",50,2.41482509541866,0,50
"992","lord",65.4545454545455,2.38081323043706,1,56
"993","loro",58,2.58949693148429,1,51
"994","luces",62.7450980392157,3.37792101770153,0,51
"995","lucha",76.7857142857143,2.78486086677496,0,56
"996","luego",78.5714285714286,1.94591014905531,0,56
"997","lugar",85.4545454545455,2.51566004975711,0,55
"998","luna",73.0769230769231,2.85987944412873,0,52
"999","lunes",81.8181818181818,2.30947498503823,1,56
"1000","luz",52.7272727272727,3.3625644080013,0,55
"1001","madera",63.6363636363636,2.98887635620154,0,55
"1002","madre",75,2.86155495440517,2,54
"1003","maestra",54.5454545454545,2.9937959308297,0,55
"1004","maestro",48.2142857142857,3.12637457270469,0,56
"1005","magia",48.0769230769231,3.18765928789933,0,52
"1006","mago",47.0588235294118,2.83138126942888,1,52
"1007","mail",80.3921568627451,2.43911227306117,1,52
"1008","mal",73.5849056603774,2.65372697520984,1,54
"1009","mala",56,3.3037960172229,1,51
"1010","maldad",54.1666666666667,3.35315576162075,2,50
"1011","maleta",88.4615384615385,1.52163902953727,0,52
"1012","malo",54,3.02399255414859,0,50
"1013","mamá",89.0909090909091,2.72356809816319,1,56
"1014","manda",50,2.94120426274909,2,48
"1015","mando",77.7777777777778,2.81673100244317,0,54
"1016","manera",84.9056603773585,1.79798526156969,2,55
"1017","mano",73.5849056603774,2.90012255615585,1,54
"1018","manos",54,3.17424711460536,0,50
"1019","manzana",88.4615384615385,2.38723155382294,0,52
"1020","mañana",77.3584905660377,2.82910510700619,1,54
"1021","mapa",50,3.20946612967589,0,56
"1022","mar",67.8571428571429,2.80748659594477,0,56
"1023","maravilla",58.4905660377358,3.62549006008468,0,53
"1024","marca",49.0566037735849,3.36818111407072,0,53
"1025","marcador",46.6666666666667,3.39047304735928,2,47
"1026","marcha",60.377358490566,3.33722134293268,1,54
"1027","marica",30.4347826086957,2.98519928679293,2,48
"1028","marido",91.2280701754386,2.20759246238765,0,57
"1029","marihuana",58.9285714285714,2.53943967277856,0,56
"1030","marina",66.0714285714286,2.90561910440499,1,57
"1031","mariposa",57.1428571428571,3.02207699084955,0,49
"1032","marrón",90,2.64262609450684,0,50
"1033","marte",82.6923076923077,1.44152049280501,0,52
"1034","martes",84.9056603773585,2.36731156948764,0,53
"1035","martillo",60.7843137254902,2.80438160402628,0,51
"1036","más",68.6274509803922,2.43775498935446,0,51
"1037","masa",50,3.23108331843099,1,51
"1038","mascota",86,1.73718432625681,0,50
"1039","masculino",83.3333333333333,1.66407562403612,1,49
"1040","mata",58.4905660377358,3.13438064830309,1,54
"1041","matar",55.3191489361702,2.99810103853857,1,48
"1042","mate",67.2727272727273,2.97500510635434,0,55
"1043","matemática",54,2.68873252057216,0,50
"1044","material",45.4545454545455,3.61514527432741,0,55
"1045","matrimonio",69.0909090909091,3.20003277497833,0,55
"1046","mayor",90.5660377358491,2.32821346043254,0,53
"1047","media",72.7272727272727,3.22195445060712,1,56
"1048","medicina",54.5454545454545,3.15632756385266,0,55
"1049","médico",71.1538461538462,2.63856076272458,0,52
"1050","medida",69.3877551020408,3.07455114568084,2,51
"1051","medio",76.3636363636364,3.55647953983718,0,55
"1052","mejor",41.5094339622642,2.78535865327945,1,54
"1053","memoria",80.3571428571429,3.12741247444823,0,56
"1054","menor",80.3921568627451,2.3115041810786,0,51
"1055","menos",37.2549019607843,2.31185301717996,1,52
"1056","mensaje",57.6923076923077,3.12294662760998,1,53
"1057","mental",80,2.84007092833413,1,51
"1058","mente",87.037037037037,2.34919753510577,0,54
"1059","mentira",70.1754385964912,2.53600454257662,0,57
"1060","mercado",68.5185185185185,3.29148933871021,1,55
"1061","mes",79.6296296296296,2.42749364859166,1,55
"1062","mesa",84.6153846153846,2.75732927271709,1,53
"1063","meta",78.5714285714286,3.0361793345359,0,56
"1064","metal",34.0425531914894,3.15133611109492,1,48
"1065","metido",32.7272727272727,3.00968947971623,1,56
"1066","metro",52.9411764705882,2.39443884923347,2,53
"1067","metros",38.1818181818182,2.7610951624963,0,55
"1068","mi",68.75,2.38102916707865,3,51
"1069","microscopio",40.8163265306122,3.17703949875665,1,50
"1070","miedo",65.4545454545455,3.28694835194021,0,55
"1071","miel",81.8181818181818,1.51245470946078,0,55
"1072","miembro",79.6296296296296,2.96607101056908,1,55
"1073","mientras",49.0566037735849,2.45672828540247,1,54
"1074","miércoles",88.2352941176471,2.19371094143214,0,51
"1075","mierda",73.0769230769231,2.56176800014083,1,53
"1076","mil",48.2142857142857,3.23094549201422,1,57
"1077","milagro",67.2727272727273,3.18040240662359,0,55
"1078","milanesa",68,2.42677006257971,1,51
"1079","milico",75.5102040816327,2.48827815837804,2,51
"1080","militar",65.3846153846154,3.07448668178259,0,52
"1081","mina",70.9090909090909,2.36548262987992,0,55
"1082","minuto",90.7407407407407,1.9723181330043,1,55
"1083","mío",43.1372549019608,2.82682712938526,1,52
"1084","mira",69.6428571428571,2.98448168406914,0,56
"1085","mirada",82.1428571428571,2.14405613518146,0,56
"1086","mirar",90.1960784313726,2.00742365567738,0,51
"1087","mismo",82.6923076923077,1.86658725925496,1,53
"1088","misterio",49.0909090909091,3.60071209708534,1,56
"1089","mitad",76.7857142857143,2.90613703363244,0,56
"1090","moda",55.7692307692308,3.03334884546675,0,52
"1091","modelo",53.8461538461538,3.42923378433152,3,55
"1092","modo",71.6981132075472,2.74934955550466,4,57
"1093","molesto",32.6530612244898,2.82659498000997,1,50
"1094","molino",67.3469387755102,1.88322684289823,2,51
"1095","momento",83.9285714285714,2.64940049212066,0,56
"1096","moneda",76,2.54537142593362,2,52
"1097","mono",62.5,3.10940720213808,0,56
"1098","monstruo",63.1578947368421,3.1469386211612,0,57
"1099","montaña",51.0204081632653,3.36814689578213,0,49
"1100","montura",88,0.89500270481691,0,50
"1101","moño",60,2.98696186552039,0,50
"1102","moral",36.9565217391304,3.1346843215921,3,49
"1103","mosca",18,2.44603833249934,0,50
"1104","motel",77.5510204081633,2.43009433811875,1,50
"1105","motivo",78.1818181818182,2.16017881125327,0,55
"1106","moto",78,3.04724509132142,0,50
"1107","motor",79.2452830188679,2.20265523534892,0,53
"1108","movimiento",49.0566037735849,3.73488343713554,1,54
"1109","muchacho",67.9245283018868,2.32952168483264,1,54
"1110","mucho",75,2.27443577224845,1,57
"1111","muchos",36.5384615384615,2.64827889884826,0,52
"1112","mueble",80.3921568627451,2.77395113755326,0,51
"1113","muerte",84.2105263157895,2.97943489266257,1,58
"1114","muerto",56.8627450980392,3.25173816027817,1,52
"1115","muestra",51.7857142857143,3.47622405709491,0,56
"1116","mugre",66.6666666666667,2.55693069594566,0,51
"1117","mujer",75.9259259259259,2.95190766405841,2,56
"1118","multitud",62,2.19247595630435,0,50
"1119","mundial",51.9230769230769,2.38422486144953,0,52
"1120","mundo",73.2142857142857,2.96563496868717,1,57
"1121","murciélago",50,2.94318289369934,1,49
"1122","museo",73.2142857142857,2.7619192907948,0,56
"1123","música",59.1836734693878,3.31156345247111,1,50
"1124","nacimiento",81.25,2.73192909917375,0,48
"1125","nacional",46.1538461538462,2.82076551761404,0,52
"1126","nada",87.037037037037,2.37285820139701,2,56
"1127","nadie",76.3636363636364,2.82813064146547,0,55
"1128","nafta",74.468085106383,2.12591668238357,3,50
"1129","naranja",75,2.30824208737126,0,52
"1130","nariz",75,2.84256595649681,0,52
"1131","natural",71.9298245614035,3.33605372382972,0,57
"1132","naturaleza",68.4210526315789,3.07547092784602,0,57
"1133","nave",56.3636363636364,2.99798427941595,2,57
"1134","navidad",47.1698113207547,3.14003311323302,1,54
"1135","necesario",37.2549019607843,3.28116017914585,0,51
"1136","necesidad",62.962962962963,3.4286710210675,1,55
"1137","negocio",71.6981132075472,2.99187224348907,2,55
"1138","negra",59.1836734693878,3.27492439321086,1,50
"1139","negro",89.1304347826087,2.14666086128065,1,47
"1140","nena",80.7692307692308,2.61861269953025,0,52
"1141","nene",75.5102040816327,2.68517518744631,0,49
"1142","nervios",31.3725490196078,3.23705546192084,1,52
"1143","nieve",73.5849056603774,2.1533488473328,0,53
"1144","niña",77.5510204081633,2.93628331298323,2,51
"1145","niño",73.5849056603774,3.15977832620526,0,53
"1146","niños",36,3.29838448513192,0,50
"1147","nivel",47.2727272727273,3.41476103032891,0,55
"1148","noche",83.6363636363636,2.50909342172245,0,55
"1149","nombre",56.140350877193,3.06950955813391,0,57
"1150","normal",56.140350877193,2.71613657948729,0,57
"1151","norte",70.3703703703704,2.04610757771929,0,54
"1152","nota",53.8461538461538,3.28510037314558,0,52
"1153","noticia",71.1538461538462,2.81048961155311,0,52
"1154","noticias",55.7692307692308,2.50621350557322,0,52
"1155","novedad",92,1.99239315071822,1,51
"1156","novela",79.5918367346939,2.42821158953418,1,50
"1157","noventa",50.9433962264151,2.91850797030396,1,54
"1158","novia",86.2745098039216,2.42251022060001,1,52
"1159","novio",86.7924528301887,2.60593606720214,0,53
"1160","nube",78.4313725490196,2.63633380587069,0,51
"1161","nueva",62.5,3.33153923982692,1,57
"1162","nueve",60.377358490566,2.80916832662362,1,54
"1163","nuevo",72.5490196078431,3.28611452305204,1,52
"1164","número",62.962962962963,3.14917305868043,1,55
"1165","números",46,2.91505351537458,0,50
"1166","nunca",18.1818181818182,1.84125050247772,0,55
"1167","objetivo",69.2307692307692,2.90068927174332,0,52
"1168","objeto",85.7142857142857,1.78116283258033,1,50
"1169","obligación",85.7142857142857,2.39991986787868,0,49
"1170","obra",75.4716981132076,2.61906058121222,1,54
"1171","observar",86,1.90395770900519,1,51
"1172","océano",75,2.49534519564126,0,48
"1173","ocho",62.962962962963,2.71470960237166,1,55
"1174","oculto",47.0588235294118,2.54716011519844,1,52
"1175","odio",70.1754385964912,2.97144902501347,0,57
"1176","oeste",68.4210526315789,2.52549687134412,0,57
"1177","oferta",66.6666666666667,2.98356648323427,0,57
"1178","oficial",81.4814814814815,2.72693935675515,1,55
"1179","oficina",77.3584905660377,2.43206399824097,0,53
"1180","ojo",72.2222222222222,3.05203237713981,1,55
"1181","ojos",66,3.21865384544012,0,50
"1182","olla",59.1836734693878,2.24637695008434,1,50
"1183","olor",85.1851851851852,2.91899268556916,0,54
"1184","olvido",80,2.84145535771497,0,50
"1185","ómnibus",58.3333333333333,3.087588556316,1,49
"1186","onda",52.8301886792453,3.20297753395583,0,53
"1187","opción",37.5,2.99125504111837,2,50
"1188","oportunidad",73.2142857142857,2.43047829908892,0,56
"1189","opuesto",72.5490196078431,2.44046955676787,1,52
"1190","orden",43.6363636363636,3.30316744746916,0,55
"1191","oreja",45.0980392156863,2.73256098774166,1,52
"1192","organización",55.7692307692308,3.30788766594583,0,52
"1193","órgano",65.3061224489796,2.64538416832,1,50
"1194","origen",67.3469387755102,3.29020638537868,0,49
"1195","original",63.6363636363636,2.96188508589428,1,56
"1196","oro",81.8181818181818,2.58790398828514,0,55
"1197","oscuridad",83.6363636363636,2.38188437294145,0,55
"1198","oscuro",81.6326530612245,2.36210154226833,0,49
"1199","oso",50.9090909090909,2.43010504895487,0,55
"1200","otra",78.7234042553192,2.68087891303372,2,49
"1201","otro",73.2142857142857,3.2809739341388,0,56
"1202","oveja",94.1176470588235,2.11214342366391,0,51
"1203","paciencia",63.6363636363636,3.43378823555671,0,55
"1204","paciente",64.2857142857143,2.94610359047007,1,57
"1205","padre",85.1851851851852,2.64673758387282,0,54
"1206","padres",62.7450980392157,3.02796859366608,1,52
"1207","paga",55.5555555555556,2.78083199241314,0,54
"1208","pago",76.3636363636364,2.78597496787425,0,55
"1209","país",41.5094339622642,2.45543786777513,0,53
"1210","paisaje",68.75,3.1566248465522,1,49
"1211","pájaro",46.1538461538462,2.5225971064569,0,52
"1212","pala",77.0833333333333,2.89105764124745,0,48
"1213","palabra",66.6666666666667,3.33153033952688,1,55
"1214","palabras",52,3.16288200908827,1,51
"1215","paladar",67.3469387755102,2.66177470248124,3,52
"1216","paleta",63.4615384615385,3.12105767557577,0,52
"1217","palo",58.4905660377358,2.96596104689029,0,53
"1218","pan",74.5454545454545,2.52546253730172,1,56
"1219","pandereta",64.7058823529412,2.32123253552973,1,52
"1220","pantalla",62.2641509433962,2.78316751042828,1,54
"1221","pantalón",48.936170212766,2.84339316876857,1,48
"1222","papa",43.6363636363636,3.35305080538739,0,55
"1223","papá",67.9245283018868,2.91179474070125,1,54
"1224","papel",85.9649122807018,2.94943332530541,0,57
"1225","papeleta",56.5217391304348,2.59982894433515,5,51
"1226","paquete",69.811320754717,2.438858417469,1,54
"1227","par",91.3793103448276,1.81142245252468,0,58
"1228","para",33.3333333333333,3.40910289053459,1,49
"1229","parada",65.3846153846154,1.97556659919304,1,53
"1230","parado",20.7547169811321,2.97019504106355,1,54
"1231","paraguas",86.5384615384615,1.59900869292771,0,52
"1232","parecido",84.9056603773585,1.98539455017334,1,54
"1233","pared",39.622641509434,2.59403446201099,1,54
"1234","pareja",68.5185185185185,3.02351978321877,0,54
"1235","parque",57.6923076923077,3.28122815900122,0,52
"1236","parrilla",88.4615384615385,1.50321470598108,0,52
"1237","parte",66.6666666666667,2.94813287630557,0,57
"1238","particular",66.6666666666667,3.03020837015886,0,51
"1239","partida",61.5384615384615,2.97004535787206,0,52
"1240","partido",87.037037037037,1.49076324579656,0,54
"1241","pasa",34.6153846153846,3.16733910789401,3,55
"1242","pasada",66.6666666666667,3.56459965412635,4,55
"1243","pasado",73.2142857142857,3.05087270569752,0,56
"1244","pasar",75.9259259259259,3.08238359751639,0,54
"1245","pasarela",51.0204081632653,2.51775605345473,2,51
"1246","pase",61.8181818181818,2.97974007965982,0,55
"1247","paseo",69.6428571428571,3.24531912986631,0,56
"1248","pasillo",67.9245283018868,2.5928474394181,0,53
"1249","pasión",88.2352941176471,2.45048104007892,0,51
"1250","paso",75.9259259259259,3.10508527986125,0,54
"1251","pasta",55.1020408163265,2.79780827471936,1,50
"1252","pastel",83.3333333333333,2.26373489985345,1,55
"1253","pasto",77.0833333333333,2.33894868969201,0,48
"1254","pata",76.9230769230769,2.63335736648326,1,53
"1255","patio",76.9230769230769,3.21595772877461,1,53
"1256","pato",53.0612244897959,2.52035490991758,2,51
"1257","pavo",65.3846153846154,2.74262118210986,0,52
"1258","payaso",77.0833333333333,2.83124901149706,1,49
"1259","paz",68.4210526315789,2.85387276497733,0,57
"1260","pecado",60,3.28653509287579,2,52
"1261","pecera",67.3469387755102,2.04065923901745,1,50
"1262","pecho",44,3.04518249872686,2,52
"1263","pedazo",89.0909090909091,2.10557068389572,0,55
"1264","pedido",67.3076923076923,2.82315747288095,0,52
"1265","pelea",39.622641509434,3.28199427207086,0,53
"1266","película",46,2.80141914712292,0,50
"1267","peligro",71.6981132075472,2.97322152246917,1,54
"1268","pelo",69.811320754717,2.73885102501888,1,54
"1269","pelota",75,2.29541644021202,1,53
"1270","pena",71.9298245614035,2.53854238579792,0,57
"1271","pene",58.1818181818182,2.4824516913328,0,55
"1272","pensamiento",68.6274509803922,3.19768746171176,0,51
"1273","pensar",37.2549019607843,3.34714171512715,1,52
"1274","peón",40,2.41993353785995,1,51
"1275","pequeña",77.5510204081633,2.54572118132753,0,49
"1276","pequeño",72,2.21147941133896,0,50
"1277","pera",82.3529411764706,1.78937108169822,0,51
"1278","percha",56.8627450980392,2.06540077023054,1,52
"1279","perdida",44.6428571428571,3.58582489740359,0,56
"1280","perdido",37.5,3.45753662338903,1,57
"1281","perdón",32,2.92355396813429,1,51
"1282","perfume",74,2.29982499666851,0,50
"1283","período",59.1836734693878,2.05641691076616,1,50
"1284","permiso",54.5454545454545,3.64160919851217,0,55
"1285","perra",62.5,3.10768713899882,0,56
"1286","perro",72.7272727272727,2.52338773408411,0,55
"1287","persona",83.3333333333333,2.59726793456741,2,56
"1288","personaje",61.1111111111111,3.21345150003989,1,55
"1289","personal",58.9285714285714,2.94406379402129,1,57
"1290","personalidad",41.1764705882353,3.54767717927624,0,51
"1291","personas",54.9019607843137,2.79683416030384,0,51
"1292","pesadilla",69.2307692307692,2.18690332279608,2,54
"1293","pesado",44.8979591836735,3.29947223588323,1,50
"1294","pesar",69.6428571428571,2.99653046771915,1,57
"1295","pesca",58.8235294117647,3.10609859395254,0,51
"1296","pescado",58.9285714285714,3.21705581963992,0,56
"1297","peso",71.4285714285714,3.06177225352144,0,56
"1298","pez",81.4814814814815,2.56321686952397,0,54
"1299","piano",62.5,1.72253157479553,0,48
"1300","pico",62,2.88790770888693,0,50
"1301","pie",66.6666666666667,3.0978288230834,0,54
"1302","piedra",57.1428571428571,3.06855824469815,0,56
"1303","piel",64.8148148148148,3.44966403628795,0,54
"1304","pierna",62.2641509433962,3.14775046309401,0,53
"1305","pieza",70.9090909090909,2.86056883252338,0,55
"1306","pila",69.3877551020408,2.6134534960557,1,50
"1307","piloto",82.1428571428571,1.78532606070963,0,56
"1308","pinball",72.7272727272727,1.98769234640484,7,51
"1309","pincel",59.1836734693878,2.48216426773955,0,49
"1310","pintura",61.4035087719298,3.23724137332349,0,57
"1311","pinza",34,3.21520682346473,1,51
"1312","pirámide",15.6862745098039,2.051343600093,1,52
"1313","piscina",70.1754385964912,2.20951244311303,0,57
"1314","piso",77.1929824561403,3.01585281719641,0,57
"1315","pista",58.1818181818182,3.4891185142256,1,56
"1316","pistola",87.5,2.12478080146019,0,56
"1317","pizarra",73.469387755102,2.69503295706794,1,50
"1318","pizarrón",66,2.53464644423064,0,50
"1319","pizza",63.4615384615385,2.02814877726834,0,52
"1320","placer",72.2222222222222,3.03050225012793,0,54
"1321","plan",55.1724137931034,3.4632110456729,0,58
"1322","plancha",61.2244897959184,3.01796770236982,0,49
"1323","planeta",83.6363636363636,2.16588419654094,1,56
"1324","planta",66.0714285714286,2.78055311460839,1,57
"1325","plantas",50.9803921568627,3.33328488740287,0,51
"1326","plata",84.2105263157895,2.51063426606858,0,57
"1327","platillos",56,3.09696527176818,1,51
"1328","plato",75,2.56018512546273,0,56
"1329","playa",90.9090909090909,2.21702404618423,0,55
"1330","plaza",60.7843137254902,3.35244713874575,0,51
"1331","pluma",54,2.69079682351743,1,51
"1332","pobre",44.6428571428571,3.29744026652541,0,56
"1333","pobreza",55.7692307692308,3.25921427836067,0,52
"1334","poca",54,2.99147325496957,1,51
"1335","poco",57.4074074074074,2.77485741469162,0,54
"1336","poder",66.0714285714286,3.72501271924207,0,56
"1337","policía",68.5185185185185,3.35508711285999,1,55
"1338","política",47.1698113207547,3.61051223464481,3,56
"1339","político",31.25,3.31659125179892,1,49
"1340","pollera",56,3.34337129670142,0,50
"1341","pollo",54.3859649122807,2.91869212174732,0,57
"1342","polvo",51.7857142857143,3.04555701513849,0,56
"1343","pongo",50,2.91505547381548,6,52
"1344","por",50,3.34739839941156,1,51
"1345","porno",71.1538461538462,2.28777063012076,0,52
"1346","poseer",85.1063829787234,1.17305235674731,0,47
"1347","posibilidad",74.0740740740741,2.78868706695235,1,55
"1348","posible",58,3.10604580526264,2,52
"1349","posición",53.0612244897959,3.12045605544564,1,50
"1350","positivo",50,2.77929102050325,0,50
"1351","postre",86,2.06070001716948,1,51
"1352","pozo",72.9166666666667,2.85020641398509,0,48
"1353","precio",87.719298245614,2.15730090736427,0,57
"1354","pregunta",67.8571428571429,1.91228641020457,0,56
"1355","premio",56.140350877193,3.25148224724712,0,57
"1356","prensa",61.1111111111111,2.82430543841785,0,54
"1357","presencia",66.0377358490566,2.72604887627472,1,54
"1358","presente",82.4561403508772,2.15079921224405,0,57
"1359","presidente",45.4545454545455,3.13083124646225,0,55
"1360","preso",51.0204081632653,2.97475939804308,1,50
"1361","primavera",72.7272727272727,2.83357756221612,1,56
"1362","primera",76.3636363636364,2.82760121490363,0,55
"1363","primero",69.0909090909091,2.86592866782339,2,57
"1364","primo",61.4035087719298,2.59312661065,0,57
"1365","princesa",67.8571428571429,3.35799766836731,0,56
"1366","principio",83.9285714285714,2.11883655939773,0,56
"1367","prisión",50,2.77482841347528,0,52
"1368","prisionero",62.5,2.57397181809291,1,49
"1369","privada",65.4545454545455,3.3625644080013,1,56
"1370","privado",45.4545454545455,3.29312649873277,0,55
"1371","problema",62.5,2.50545336504167,0,56
"1372","problemas",39.2156862745098,3.22149027077745,1,52
"1373","procedimiento",47.8260869565217,3.28005500353016,2,48
"1374","proceso",51.7857142857143,3.74370015294795,0,56
"1375","profesor",59.6491228070175,3.1042580834656,0,57
"1376","profundo",82.1428571428571,2.77349876110904,0,56
"1377","programa",61.1111111111111,2.95240955418353,1,55
"1378","progreso",48.9795918367347,3.26565854270631,0,49
"1379","promesa",69.0909090909091,3.01920308233013,1,56
"1380","pronto",89.2857142857143,2.15189558766707,0,56
"1381","propiedad",65.4545454545455,2.04910850138293,0,55
"1382","propio",37.5,2.32011099076874,1,49
"1383","protección",63.265306122449,3.02759896237096,0,49
"1384","proyecto",83.3333333333333,2.93863264023089,2,56
"1385","prueba",64.8148148148148,2.84698701003562,0,54
"1386","publicidad",41.1764705882353,3.43759092606994,0,51
"1387","público",76,2.97342918843277,0,50
"1388","pueblo",75.9259259259259,3.0352165743723,0,54
"1389","puede",60,3.40790360464067,0,50
"1390","puente",45.4545454545455,3.24145722252765,0,55
"1391","puerta",73.6842105263158,2.83229475870184,0,57
"1392","puerto",57.1428571428571,1.9691254491389,0,49
"1393","puesto",83.0188679245283,2.7554030023997,1,54
"1394","pulmones",34.6938775510204,2.63525873817698,0,49
"1395","pulpo",58,2.73041093961891,0,50
"1396","pulso",63.265306122449,2.90404050677831,0,49
"1397","punta",67.3469387755102,3.07254654352208,0,49
"1398","punto",76.4705882352941,2.55535578534868,1,52
"1399","puro",59.6153846153846,3.16099978095472,0,52
"1400","puta",48.1481481481481,3.01165980103919,0,54
"1401","puto",30.7692307692308,2.97453230912292,1,53
"1402","que",43.75,3.17842685254239,4,52
"1403","querer",85.4545454545455,2.28282645953079,0,55
"1404","querido",51.7857142857143,2.09949870310237,0,56
"1405","queso",64.2857142857143,2.75765634973811,0,56
"1406","quiero",78.4313725490196,2.69126699722318,0,51
"1407","quita",39.1304347826087,2.71276864646866,3,49
"1408","quizás",22,1.72749916420256,2,52
"1409","radio",60,3.30601013844038,0,55
"1410","rapidez",59.6153846153846,2.93887111104509,0,52
"1411","rápido",64.8148148148148,2.45631990991029,0,54
"1412","raqueta",94,1.51248802789519,0,50
"1413","raro",46,2.44326718525439,0,50
"1414","rastro",70.5882352941177,2.50036372823211,0,51
"1415","rata",66,2.72983085888417,0,50
"1416","rato",92.5925925925926,2.14506409130095,1,55
"1417","ratón",64.7058823529412,2.68293322000778,0,51
"1418","raya",36,2.67115404189206,1,51
"1419","raza",61.1111111111111,3.07555392880662,0,54
"1420","razón",64.7058823529412,3.45946774482623,1,52
"1421","real",61.5384615384615,3.3209568226224,0,52
"1422","realidad",36.5384615384615,3.19970501431265,0,52
"1423","rebenque",73.8095238095238,2.35042042363631,8,50
"1424","recompensa",77.0833333333333,2.4554608908739,1,49
"1425","recuerdo",75.9259259259259,2.19332546368936,1,55
"1426","recuerdos",49.0196078431373,2.95668163406617,0,51
"1427","red",60.377358490566,3.0478918611079,0,53
"1428","redonda",61.2244897959184,2.83753883889056,0,49
"1429","redondo",47.0588235294118,2.43504705814661,1,52
"1430","reflejo",89.3617021276596,2.28616861282219,2,49
"1431","refugio",74,2.76058562369594,0,50
"1432","regalo",76.3636363636364,2.79504758506779,1,56
"1433","región",54,2.64304115318624,1,51
"1434","registro",50.9433962264151,3.48267971007533,1,54
"1435","regla",30,2.7954275342972,0,50
"1436","regreso",67.8571428571429,2.54348709155929,0,56
"1437","reina",67.2727272727273,2.85263934871629,0,55
"1438","reino",62.2641509433962,3.1138766158534,0,53
"1439","relación",69.2307692307692,2.82836086912227,0,52
"1440","relax",72,3.23613674921531,1,51
"1441","religión",42.3076923076923,3.31795013024899,0,52
"1442","reloj",90.9090909090909,1.39956156132409,0,55
"1443","remate",65.2173913043478,3.027585372384,0,46
"1444","repente",32.4324324324324,3.10969967377063,16,53
"1445","reporte",68,3.14249412467282,1,51
"1446","respecto",60,3.43701392124391,3,53
"1447","respeto",50,3.60114224233657,1,53
"1448","responsabilidad",78.1818181818182,3.59945352492094,0,55
"1449","responsable",53.7037037037037,3.53317848310933,0,54
"1450","respuesta",59.6491228070175,2.63788749486088,0,57
"1451","restaurante",88.8888888888889,1.84292687503965,0,54
"1452","resto",47.1698113207547,3.09628665950628,1,54
"1453","resultado",66.6666666666667,3.41740300795344,1,55
"1454","reunión",70.8333333333333,3.22109321593756,1,49
"1455","revista",59.2592592592593,3.50622448625448,0,54
"1456","revolver",48.9795918367347,2.95997157601713,1,50
"1457","rey",62.5,2.96726321949887,0,56
"1458","rica",56.8627450980392,2.58051587812108,0,51
"1459","rico",78,2.75916315491549,1,51
"1460","riesgo",80,2.45028674191249,0,55
"1461","río",75.5102040816327,1.96258003634335,0,49
"1462","riqueza",75.5102040816327,2.69233635162988,1,50
"1463","risa",76.4705882352941,3.14831461439717,0,51
"1464","ritmo",76.4705882352941,2.36262044173028,0,51
"1465","robo",66.0714285714286,2.44289288559584,0,56
"1466","roca",84.6153846153846,1.63685876934831,0,52
"1467","rock",73.2142857142857,2.5447735858671,0,56
"1468","roja",84.3137254901961,2.97798974621978,0,51
"1469","rojo",87.7551020408163,2.15541980312212,0,49
"1470","ron",58.1818181818182,2.57306721208293,0,55
"1471","ropa",54.3859649122807,3.22633832684027,0,57
"1472","rosa",85.7142857142857,1.94638538350608,1,57
"1473","rosado",78,2.51964888544976,0,50
"1474","rostro",94.6428571428571,0.620008929888351,1,57
"1475","roto",40,3.17328900298414,1,46
"1476","rubia",58.3333333333333,2.97951617495026,0,48
"1477","rueda",62.7450980392157,2.93669351209024,0,51
"1478","ruedas",62,2.56086413269043,1,51
"1479","ruego",28,3.07635540792466,2,52
"1480","ruido",73.2142857142857,2.6723268004002,0,56
"1481","rulo",60.7843137254902,2.40637632285392,0,51
"1482","ruso",42.8571428571429,3.02148507173247,1,50
"1483","ruta",82.4561403508772,2.50804629131763,0,57
"1484","rutina",54.9019607843137,3.13363191603985,0,51
"1485","saber",87.037037037037,2.57216815022662,0,54
"1486","sabiduría",69.3877551020408,3.02095127238348,0,49
"1487","sabor",90,2.13054577472073,0,50
"1488","saca",29.0909090909091,2.16613675451625,1,56
"1489","saco",70.3703703703704,3.17911108707606,1,55
"1490","sal",39.622641509434,3.20862999888575,0,53
"1491","sala",65.3846153846154,3.46784470761351,2,54
"1492","salero",61.2244897959184,2.28685763730294,2,51
"1493","salida",71.6981132075472,2.91820602510863,2,55
"1494","salir",55.7692307692308,3.02151199607285,1,53
"1495","salsa",66.0377358490566,2.65644948390209,1,54
"1496","saltar",59.1836734693878,3.07313846263916,0,49
"1497","salto",72.9166666666667,2.98129168670848,1,49
"1498","salud",71.4285714285714,3.10213928877221,0,56
"1499","salvavidas",57.6923076923077,3.03234787253572,0,52
"1500","sangre",80.3571428571429,2.5706589481889,0,56
"1501","sano",62.5,3.05106367086876,0,48
"1502","santo",66.0714285714286,3.190060527536,0,56
"1503","sapo",53.8461538461538,2.35697024166098,0,52
"1504","sargento",78.5714285714286,2.62831328293258,1,57
"1505","sartén",58.695652173913,2.59093721514748,1,47
"1506","satisfacción",72.5490196078431,2.83238747342317,1,52
"1507","se",54.3478260869565,3.07560978860509,4,50
"1508","secreta",48.9795918367347,3.4622879112532,1,50
"1509","secretario",54,3.30782311993303,1,51
"1510","secreto",72.5490196078431,3.04182542139036,1,52
"1511","secuestro",55.7692307692308,3.40313204732416,0,52
"1512","sed",90.1960784313726,0.881780699373719,0,51
"1513","seguido",38.7755102040816,3.31015076942944,2,51
"1514","seguir",34.6938775510204,2.21949100439941,1,50
"1515","segunda",64.8148148148148,3.13771702570068,1,55
"1516","segundo",86.7924528301887,2.55386837322373,4,57
"1517","seguridad",86.2068965517241,3.35075497217347,0,58
"1518","seguro",53.448275862069,3.57489113413629,0,58
"1519","seis",58.1818181818182,2.29894199620022,0,55
"1520","semáforo",80.3921568627451,2.4901628264714,0,51
"1521","semana",78.5714285714286,2.64290027050382,1,57
"1522","senador",45.4545454545455,2.68855817815888,0,55
"1523","sencillo",92.8571428571429,1.72049580601381,0,56
"1524","sensación",55.1020408163265,3.25356732611843,0,49
"1525","sentada",74.0740740740741,2.49260767432619,0,54
"1526","sentarse",52,2.461876788066,2,52
"1527","sentido",58.4905660377358,3.29317294401061,3,56
"1528","sentimiento",82.6923076923077,2.45512997236237,0,52
"1529","sentimientos",52.0833333333333,2.67865467578774,3,51
"1530","sentir",79.6296296296296,3.22618941207598,0,54
"1531","señor",91.2280701754386,2.65707103066787,0,57
"1532","señora",72.5490196078431,2.77352053801573,1,52
"1533","separación",54.9019607843137,2.99683821137928,0,51
"1534","ser",66.6666666666667,2.98810302770608,0,54
"1535","serena",68.6274509803922,2.58639000834237,0,51
"1536","serie",46.2962962962963,3.34751267688531,2,56
"1537","serio",50.8771929824561,3.60205567888136,0,57
"1538","serrucho",72.9166666666667,2.22000099905795,2,50
"1539","servicio",47.2727272727273,3.68405583747344,0,55
"1540","sexo",75.9259259259259,3.02602868405734,0,54
"1541","sexy",57.1428571428571,3.23925130712362,0,56
"1542","sheriff",82.3529411764706,2.68617920049485,3,54
"1543","si",29.1666666666667,2.08097877389874,0,48
"1544","sí",22.2222222222222,2.27828359979688,1,55
"1545","siempre",68.4210526315789,3.09315831074435,0,57
"1546","sierra",59.6153846153846,3.30169741578703,0,52
"1547","siete",61.5384615384615,2.60297472217478,0,52
"1548","siglo",58.9285714285714,2.9960125384917,0,56
"1549","signo",14.2857142857143,3.28701560979874,0,49
"1550","silencio",65.4545454545455,3.09485371966359,0,55
"1551","silla",83.0188679245283,2.77840012289591,0,53
"1552","sillón",52,2.7499175993657,1,51
"1553","similar",83.3333333333333,1.67678937932729,0,48
"1554","simple",78,2.30997240521081,1,51
"1555","sin",72.9166666666667,2.61114057868009,2,50
"1556","sirena",69.2307692307692,2.8473702578541,1,53
"1557","sistema",44.6428571428571,3.49770341943324,0,56
"1558","sitio",84.6153846153846,1.32861772838766,0,52
"1559","situación",56.3636363636364,3.45899358757707,1,56
"1560","sobre",75.9259259259259,1.95458308887653,0,54
"1561","social",78.5714285714286,3.28752572235929,0,56
"1562","sociedad",71.9298245614035,2.96005561572981,0,57
"1563","socio",74.0740740740741,2.82248644757009,0,54
"1564","socorro",85.9649122807018,1.48697375465258,0,57
"1565","soga",70.5882352941177,2.35379458911723,1,52
"1566","sol",77.1929824561403,2.84268896243529,0,57
"1567","soldado",77.7777777777778,2.41735545450431,1,55
"1568","soledad",81.6326530612245,2.84799086281628,3,52
"1569","solidaridad",58,3.20876896329957,1,51
"1570","solo",73.0769230769231,3.14638600042342,1,53
"1571","solución",72,2.50792567862601,1,51
"1572","sombra",83.3333333333333,2.64706121336198,2,50
"1573","sombrero",74.5454545454545,2.89428487434241,0,55
"1574","sonar",82.6923076923077,2.52448605849111,1,53
"1575","sonido",71.6981132075472,2.17704814289196,1,54
"1576","sonrisa",78.5714285714286,2.69806706050658,0,56
"1577","sopa",69.6428571428571,2.97589081120644,0,56
"1578","soporte",44,3.49108126630786,1,51
"1579","sorpresa",68.5185185185185,3.00876446764258,0,54
"1580","sospechoso",67.2727272727273,3.41915325883458,0,55
"1581","suave",31.3725490196078,3.29808265399595,0,51
"1582","subir",32.6530612244898,2.42972892862215,1,50
"1583","sucedido",52,2.28760109270665,2,52
"1584","sucio",66,3.15331718885478,1,51
"1585","sudor",64.7058823529412,2.66872531257108,0,51
"1586","sueldo",66,2.35321245189377,1,51
"1587","suelo",90.9090909090909,1.72706552284139,0,55
"1588","suelta",62,2.79963606946175,2,52
"1589","sueño",76.4705882352941,2.46156443462571,0,51
"1590","suerte",75,3.36585230613913,1,53
"1591","sufrimiento",90.1960784313726,1.43751639989356,0,51
"1592","suicidio",85.4545454545455,2.27904189486227,1,56
"1593","sujeto",53.5714285714286,2.18671049049718,0,56
"1594","suma",22,2.2419261357198,0,50
"1595","superficie",32.6923076923077,3.02228540823256,0,52
"1596","superior",76,2.55445195942807,0,50
"1597","supermercado",77.5510204081633,2.23401807297506,0,49
"1598","sur",51.7857142857143,2.83135333505928,2,58
"1599","susto",74,2.36467907686552,0,50
"1600","tabla",60.4166666666667,2.74320312436328,1,49
"1601","taco",79.1666666666667,2.436704612606,0,48
"1602","tacto",73.469387755102,2.7437244172022,0,49
"1603","tal",27.906976744186,1.87847031855741,5,48
"1604","talento",66.6666666666667,3.17877951179211,1,55
"1605","tamaño",76.9230769230769,2.16223840790301,0,52
"1606","también",25.9259259259259,3.07302539236025,0,54
"1607","tambor",46.1538461538462,2.92923773072215,1,53
"1608","tanque",72,2.57896977636052,1,51
"1609","tanto",79.6296296296296,2.42889529889699,2,56
"1610","tarde",67.2727272727273,3.07564191311311,0,55
"1611","tarea",53.7037037037037,2.46974007281412,0,54
"1612","tarjeta",58.6206896551724,2.666939992187,0,58
"1613","taxi",76.4705882352941,2.70753900203443,0,51
"1614","taza",85.4545454545455,2.39150837383217,1,56
"1615","te",66.6666666666667,2.8418166166723,2,50
"1616","teatro",53.7037037037037,3.27935263852077,1,55
"1617","techo",76.7857142857143,2.38096778619178,0,56
"1618","tecnología",54,3.14146779659865,0,50
"1619","tele",58.1818181818182,3.52331012273737,0,55
"1620","teléfono",76.4705882352941,2.07566922322166,0,51
"1621","telescopio",74.5098039215686,2.31635257921753,0,51
"1622","televisión",53.8461538461538,3.50103879289641,0,52
"1623","televisor",56,3.35245183019588,0,50
"1624","telón",75,1.78488438526099,2,50
"1625","tema",60,3.12957267429785,0,55
"1626","temor",91.8367346938776,0.784545711684573,0,49
"1627","temperatura",72.9166666666667,1.95275312227396,1,49
"1628","templo",57.1428571428571,2.7090899601007,2,51
"1629","temporada",75,2.95629125183423,0,56
"1630","tenedor",79.6296296296296,2.53763971739709,0,54
"1631","tener",83.0188679245283,2.52040609686595,1,54
"1632","tenis",89.7959183673469,1.87375460032063,0,49
"1633","terapia",42.5925925925926,3.34038665455789,0,54
"1634","terminado",55.1020408163265,2.61418863566016,2,51
"1635","terminar",44,2.26532477697483,1,51
"1636","término",64,2.74999447538827,0,50
"1637","termo",86.2745098039216,1.25390341059457,0,51
"1638","termómetro",78,1.81790545813441,1,51
"1639","ternura",73.0769230769231,2.64741337707731,0,52
"1640","terreno",64.7058823529412,2.8067145146096,0,51
"1641","tesoro",66.0714285714286,3.06548054650583,1,57
"1642","testigo",64.8148148148148,3.53818916097134,0,54
"1643","tiempo",85.4545454545455,2.75816330563511,0,55
"1644","tienda",78.5714285714286,2.78207498182972,0,56
"1645","tierra",75.4385964912281,3.05531493260826,1,58
"1646","tigre",41.1764705882353,2.77896356563201,0,51
"1647","tijera",28.5714285714286,2.10888873041043,0,49
"1648","timbre",74,2.50744368037025,1,51
"1649","tinta",70.5882352941177,3.02130588634077,0,51
"1650","tipo",72.2222222222222,2.96946823409081,3,57
"1651","tira",53.8461538461538,3.54782322844735,1,53
"1652","tiro",78.1818181818182,2.57915619298551,1,56
"1653","toca",52.7272727272727,3.42427463294281,0,55
"1654","todavía",35.8490566037736,2.69798478868671,1,54
"1655","todo",76.7857142857143,2.41761969991983,0,56
"1656","todos",53.1914893617021,3.0700789832275,0,47
"1657","toma",50.9433962264151,3.31802337593661,2,55
"1658","tomar",87.037037037037,2.53370538208393,1,55
"1659","tomate",86,2.10093396375603,0,50
"1660","tomo",55.7692307692308,3.19505938800857,0,52
"1661","tono",74,2.77553862039489,0,50
"1662","tonto",56.3636363636364,2.55024618249845,1,56
"1663","toque",63.6363636363636,3.25685800656406,1,56
"1664","tormenta",53.7037037037037,2.70893664060296,0,54
"1665","tornillo",64,2.92014498555851,2,52
"1666","torre",63.265306122449,2.93167985436162,0,49
"1667","torta",73.0769230769231,2.6531379669101,0,52
"1668","tortuga",54,2.17595244102697,1,51
"1669","total",76.3636363636364,2.81972559096566,0,55
"1670","trabajo",52.7272727272727,3.59945352492094,0,55
"1671","tractor",89.3617021276596,2.15424425472548,3,50
"1672","tragedia",44,2.98870439620789,0,50
"1673","trago",86.7924528301887,2.88834074592293,0,53
"1674","traje",69.0909090909091,3.34406454889599,1,56
"1675","trampa",56.6037735849057,3.6430800164318,1,54
"1676","tranquilidad",80.3921568627451,1.97869935678639,0,51
"1677","tranquilo",48.9795918367347,2.88718762763849,0,49
"1678","tránsito",68.75,2.82239437320569,1,49
"1679","transporte",75.9259259259259,2.78198343701904,0,54
"1680","trasero",87.037037037037,1.95815266752763,0,54
"1681","trata",29.6296296296296,3.27935263852077,2,56
"1682","tratado",67.2727272727273,2.70831045585616,0,55
"1683","tratamiento",62.962962962963,2.77912332528873,1,55
"1684","trato",73.469387755102,3.13806924355493,1,50
"1685","trébol",87.7551020408163,1.99193800314445,1,50
"1686","treinta",46.2962962962963,2.91812399849378,0,54
"1687","tren",51.7857142857143,3.28979972176429,0,56
"1688","tres",56.3636363636364,2.58988471176087,1,56
"1689","tribunal",76.7857142857143,2.67836065939324,0,56
"1690","triste",58.695652173913,3.33108904884004,1,47
"1691","tristeza",71.4285714285714,3.18489266621952,0,49
"1692","trompeta",52.9411764705882,2.78951632869666,0,51
"1693","trompo",45.0980392156863,2.32960136266311,0,51
"1694","trozo",93.4782608695652,1.44841006172325,2,48
"1695","truco",75.9259259259259,2.49532211167225,0,54
"1696","tuerca",66.6666666666667,2.5649879805067,0,51
"1697","tumba",75.4385964912281,1.8636519022402,0,57
"1698","turno",69.0909090909091,3.32219465269697,0,55
"1699","ubicación",59.1836734693878,2.55899166426551,1,50
"1700","un",81.6326530612245,3.17421413267331,2,51
"1701","una",70,2.89215907950842,1,51
"1702","único",60,3.23372953820064,0,55
"1703","unidad",63.6363636363636,3.36700841593673,0,55
"1704","uniforme",77.3584905660377,3.05464097693665,0,53
"1705","unión",56,3.37789314539564,0,50
"1706","universidad",75.4716981132076,2.87033643907744,0,53
"1707","universo",64.8148148148148,2.88619454544322,0,54
"1708","uno",75.4385964912281,2.17987383266186,0,57
"1709","urgencia",76.4705882352941,2.92091069405657,0,51
"1710","uso",32.0754716981132,3.43893325634859,1,54
"1711","uvas",53.8461538461538,2.55717714054131,0,52
"1712","vaca",70,2.54647463003037,1,51
"1713","vacaciones",84.6153846153846,2.8846865753849,0,52
"1714","vacas",64,2.77369325990053,0,50
"1715","vacío",75,2.88771590136208,1,49
"1716","vagón",92,0.486026764634858,0,50
"1717","vale",47.1698113207547,3.4960136386402,1,54
"1718","valija",82.6923076923077,1.84360024656693,0,52
"1719","valor",55.3571428571429,3.26205434076535,0,56
"1720","vaquero",46.8085106382979,2.74953030445845,0,47
"1721","varita",39.5833333333333,2.49561604858677,2,50
"1722","vaso",91.0714285714286,1.86086841256591,0,56
"1723","vaya",59.2592592592593,2.81179754560419,2,56
"1724","ve",70.3703703703704,2.9614094246328,1,55
"1725","vecindario",74.0740740740741,2.28369703444522,0,54
"1726","vecino",70.3703703703704,3.21813060261796,0,54
"1727","vecinos",51.0204081632653,3.0996520917564,1,50
"1728","vehículo",84.3137254901961,1.96313416564299,0,51
"1729","veinte",54,2.85857541285561,1,51
"1730","vela",72.5490196078431,2.49063537378097,0,51
"1731","velero",83.6734693877551,1.96623609797665,0,49
"1732","velocidad",73.5849056603774,2.51295283896488,1,54
"1733","veloz",84.3137254901961,1.70858886518238,0,51
"1734","veneno",60,2.8255788627487,0,50
"1735","venganza",52.7272727272727,3.20108746722332,1,56
"1736","venir",78.1818181818182,2.30341125608909,1,56
"1737","venta",70.1754385964912,2.9213475316058,0,57
"1738","ventana",73.2142857142857,2.96318362660131,0,56
"1739","ver",71.6981132075472,2.25016259071384,1,54
"1740","verano",94.7368421052632,2.02896336448008,0,57
"1741","verbo",58,3.11284176673445,0,50
"1742","verdad",57.8947368421053,2.87121265602805,0,57
"1743","verdadero",64.7058823529412,2.48068693403362,0,51
"1744","verde",90,2.41868997768558,1,51
"1745","verduras",71.4285714285714,2.86852716598412,1,50
"1746","vereda",63.265306122449,2.58094755754611,1,50
"1747","vestido",81.1320754716981,2.98585252387359,1,54
"1748","vestimenta",73.0769230769231,2.1303202446194,0,52
"1749","vestuario",76,2.37605304155825,0,50
"1750","vez",58,3.08198891944371,1,51
"1751","viajar",57.6923076923077,2.99562590128795,0,52
"1752","viaje",76.3636363636364,3.31760062471123,1,56
"1753","víbora",46.8085106382979,2.34919729503565,1,48
"1754","victoria",51.7857142857143,3.33651830602898,0,56
"1755","vida",78.1818181818182,3.16888565691785,0,55
"1756","vidrio",43.1372549019608,2.30241912028821,0,51
"1757","vieja",55.3571428571429,3.23318348438093,0,56
"1758","viejo",70.3703703703704,3.20105440606889,1,55
"1759","viento",57.4074074074074,3.04132111142496,1,55
"1760","viernes",60.377358490566,3.02878642475237,3,56
"1761","vigilancia",84.2105263157895,2.92714975004212,0,57
"1762","vino",46.1538461538462,2.72453428231824,0,52
"1763","violencia",41.0714285714286,3.32924834937448,0,56
"1764","violín",63.265306122449,1.93913840047738,0,49
"1765","virgen",48.0769230769231,2.66651487542038,3,55
"1766","visión",69.3877551020408,2.83837458625809,1,50
"1767","visita",73.2142857142857,3.46204861516074,1,57
"1768","vista",91.2280701754386,2.5734352172055,0,57
"1769","visto",47.2727272727273,3.11595780854833,1,56
"1770","vivir",51.9230769230769,3.3296881048286,0,52
"1771","vivo",57.4074074074074,3.12674536620426,0,54
"1772","volar",65.3061224489796,2.66030075099123,0,49
"1773","voluntad",52.8301886792453,3.26896228870133,1,54
"1774","volver",39.2857142857143,2.73711042445394,0,56
"1775","voto",52.0833333333333,3.05344343339234,0,48
"1776","voz",75.9259259259259,3.08399705185667,1,55
"1777","vuelo",81.1320754716981,2.3438597336558,0,53
"1778","vuelta",44.4444444444444,3.23012374738914,1,55
"1779","vuelto",92.7272727272727,1.98882114565537,1,56
"1780","y",38,3.40928803402151,2,52
"1781","ya",95.9183673469388,0.562883576968931,0,49
"1782","yerba",94.2307692307692,0.996575466735341,0,52
"1783","yo",54,3.01240318072015,1,51
"1784","zanahoria",42.3076923076923,2.82913428128198,0,52
"1785","zapallo",42.5531914893617,2.41370934515021,3,50
"1786","zapato",37.2549019607843,2.87198973999054,0,51
"1787","zapatos",38.2978723404255,3.2948705741895,0,47
"1788","zodíaco",35.7142857142857,2.58748121654009,1,57
"1789","zona",72.7272727272727,2.47716537862965,0,55
"1790","zorra",78.7234042553192,2.8392538274584,2,49
"1791","zorro",63.0434782608696,2.73234041509604,1,47
